# BOOK	chapter	check
FM	Ch1	EOC 自测≥70%（这套书对标 A 档）；公式卡默写全对；能对错题口述「我错在哪一步」
FM	Ch10	EOC 自测≥70%（这套书对标 A 档）；公式卡默写全对；能对错题口述「我错在哪一步」
FM	Ch11	EOC 自测≥70%（这套书对标 A 档）；公式卡默写全对；能对错题口述「我错在哪一步」
FM	Ch12	EOC 自测≥70%（这套书对标 A 档）；公式卡默写全对；能对错题口述「我错在哪一步」
FM	Ch13	EOC 自测≥70%（这套书对标 A 档）；公式卡默写全对；能对错题口述「我错在哪一步」
FM	Ch14	EOC 自测≥70%（这套书对标 A 档）；公式卡默写全对；能对错题口述「我错在哪一步」
FM	Ch15	EOC 自测≥70%（这套书对标 A 档）；公式卡默写全对；能对错题口述「我错在哪一步」
FM	Ch16	EOC 自测≥70%（这套书对标 A 档）；公式卡默写全对；能对错题口述「我错在哪一步」
FM	Ch17	EOC 自测≥70%（这套书对标 A 档）；公式卡默写全对；能对错题口述「我错在哪一步」
FM	Ch18	EOC 自测≥70%（这套书对标 A 档）；公式卡默写全对；能对错题口述「我错在哪一步」
FM	Ch19	EOC 自测≥70%（这套书对标 A 档）；公式卡默写全对；能对错题口述「我错在哪一步」
FM	Ch2	EOC 自测≥70%（这套书对标 A 档）；公式卡默写全对；能对错题口述「我错在哪一步」
FM	Ch20	EOC 自测≥70%（这套书对标 A 档）；公式卡默写全对；能对错题口述「我错在哪一步」
FM	Ch21	EOC 自测≥70%（这套书对标 A 档）；公式卡默写全对；能对错题口述「我错在哪一步」
FM	Ch22	EOC 自测≥70%（这套书对标 A 档）；公式卡默写全对；能对错题口述「我错在哪一步」
FM	Ch23	EOC 自测≥70%（这套书对标 A 档）；公式卡默写全对；能对错题口述「我错在哪一步」
FM	Ch24	EOC 自测≥70%（这套书对标 A 档）；公式卡默写全对；能对错题口述「我错在哪一步」
FM	Ch3	EOC 自测≥70%（这套书对标 A 档）；公式卡默写全对；能对错题口述「我错在哪一步」
FM	Ch4	EOC 自测≥70%（这套书对标 A 档）；公式卡默写全对；能对错题口述「我错在哪一步」
FM	Ch5	EOC 自测≥70%（这套书对标 A 档）；公式卡默写全对；能对错题口述「我错在哪一步」
FM	Ch6	EOC 自测≥70%（这套书对标 A 档）；公式卡默写全对；能对错题口述「我错在哪一步」
FM	Ch7	EOC 自测≥70%（这套书对标 A 档）；公式卡默写全对；能对错题口述「我错在哪一步」
FM	Ch8	EOC 自测≥70%（这套书对标 A 档）；公式卡默写全对；能对错题口述「我错在哪一步」
FM	Ch9	EOC 自测≥70%（这套书对标 A 档）；公式卡默写全对；能对错题口述「我错在哪一步」
M1	Ch1	默写 v=u+at、s=ut+½at²、v²=u²+2as；能从 v–t 图读出位移；Ex 1A–1F 错题清零
M1	Ch2	能画一维受力图（free-body diagram）；能处理竖直方向运动；Ex 2A–2D 错题清零
M1	Ch3	能把任意方向的力分解到水平和竖直；能对斜面问题分解成平行/垂直分量；Ex 3A–3E 错题清零
M1	Ch4	能判断摩擦方向（与相对运动/趋势相反）；能区分「静止」与「滑动」两种方程；Ex 4A–4D 错题清零
M1	Ch5	能对每个物体分别列 F=ma 并解联立；能处理升降机超重/失重；Ex 5A–5D 错题清零
M1	Ch6	能在「x–t / v–t / a–t」三种描述间互相转换；Ex 6A–6D 错题清零
M1	Ch7	能判断动量守恒适用于哪个方向；能处理粘连与反弹两类碰撞；Ex 7A–7B 错题清零
M1	Ch8	默写 W=Fs cosθ、KE=½mv²、PE=mgh；能计算沿斜面运动时各力做的功；Ex 8A–8C 错题清零
M1	Ch9	能列出「初动能+初势能+外力做功=末动能+末势能」；能算恒定力与瞬时功率；Ex 9A–9D 错题清零
P1	Ch1	Ex 1A–1I 各做过一遍且错题清零；能对 ax²+bx+c 在 20 秒内写出配方形式；能口述判别式三种情况
P1	Ch2	能不看笔记写出 4 种图象变换（平移/拉伸/反射）的规则；Ex 2A–2H 错题清零；能解释「定义域限制」从哪来
P1	Ch3	能把「两点式/斜截式/一般式」互相转换；Ex 3A–3E 错题清零；圆与直线关系的 3 种情况能画图说明
P1	Ch4	弧长 s=rθ 与面积 A=½r²θ 能默写；Ex 4A–4C 错题清零；能在 30 秒内把 60°/90°/180° 换成弧度
P1	Ch5	能默写 sin²+cos²=1 及两个变形、和角公式、倍角公式；Ex 5A–5H 错题清零；能口述「为什么解三角方程要注意区间」
P1	Ch6	默写等差/等比通项与求和公式；能判断 |r|<1；Ex 6A–6F 错题清零
P1	Ch7	能把 (x+h) 展开法做一遍；Ex 7A–7D 错题清零；能说清「驻点不一定是极值点」并举反例
P1	Ch8	三类法则各能默写并各做 5 题全对；Ex 8A–8E 错题清零；能说清 dy/dx 里「谁是自变量」
P1	Ch9	能默写 ∫xⁿ、∫sin、∫cos、∫eˣ 的积分表；Ex 9A–9I 错题清零；能用定积分求一条曲线与 x 轴围成的面积
P2/3	Ch1	默写 3 条对数法则；Ex 1A–1F 错题清零；能判断写出 log 时定义域的限制
P2/3	Ch10	能判断方程是否可分离变量；Ex 10A–10B 错题清零；能完整写出「分离→积分→代初值→写解」四步
P2/3	Ch11	能默写 i²=−1、模与辐角定义；能把复数在 Argand 图上表示；Ex 11A–11E 错题清零
P2/3	Ch2	能画 y=eˣ 与 y=ln x 并说出互为反函数；Ex 2A–2H 错题清零；能把「翻倍时间」问题列成指数方程
P2/3	Ch3	能默写 asin/acos/atan 的值域（这是考点）；Ex 3A–3E 错题清零；能把 a sinθ+b cosθ 化成 R sin(θ+α)
P2/3	Ch4	参数方程求二阶导能独立做对；Ex 4A–4G 错题清零；能说清隐函数求导何时必须链式
P2/3	Ch5	分部积分的 LIATE 顺序能默写；梯形法则能徒手算 4 条带；Ex 5A–5E 错题清零
P2/3	Ch6	能默写牛顿—拉夫森迭代式；能判断迭代是否收敛（|f'(x)|<1）；Ex 6A–6C 错题清零
P2/3	Ch7	能把真分式拆成部分分式；能处理假分式（先做除法）；Ex 7A–7E 错题清零
P2/3	Ch8	能列「画曲线 6 步」清单并照做；Ex 8A–8G 错题清零；能说清拐点与二阶导为零的关系
P2/3	Ch9	能默写直线与平面的向量方程；能求两直线夹角与交点；Ex 9A–9E 错题清零
Phy	Ch1	能画 v–t 图并求面积=位移、斜率=加速度；能分辨 x、v、a 三个量；Chapter 1 EXAM-STYLE QUESTIONS 限时做完并批改
Phy	Ch10	能默写 R=ρl/A；能画 I–V 图并区分欧姆/非欧姆器件；Chapter 10 EXAM-STYLE QUESTIONS 限时做完并批改
Phy	Ch11	能设计分压电路；能算串联/并联等效电阻；Chapter 11 EXAM-STYLE QUESTIONS 限时做完并批改
Phy	Ch12	能默写 v=fλ；能区分横波纵波与偏振；能读示波器波形；Chapter 12 EXAM-STYLE QUESTIONS 限时做完并批改
Phy	Ch13	能默写 λ=ax/D；能判断相干条件；能算条纹间距；Chapter 13 EXAM-STYLE QUESTIONS 限时做完并批改
Phy	Ch14	能画各阶驻波图；能算弦频率 f=(1/2L)√(T/μ)；Chapter 14 EXAM-STYLE QUESTIONS 限时做完并批改
Phy	Ch15	能默写 E=hf 与 hf=Φ+KE_max；能解释「存在红限频率」；Chapter 15 EXAM-STYLE QUESTIONS 限时做完并批改
Phy	Ch16	能默写 a=v²/r 与 F=mv²/r；能分析竖直圆周运动的临界点；Chapter 16 EXAM-STYLE QUESTIONS 限时做完并批改
Phy	Ch17	能默写 F=GMm/r² 与 g=GM/r²；能区分场强与势；Chapter 17 EXAM-STYLE QUESTIONS 限时做完并批改
Phy	Ch18	能默写 a=−ω²x 与 x=A cos ωt；能算周期 T=2π/ω；Chapter 18 EXAM-STYLE QUESTIONS 限时做完并批改
Phy	Ch19	能默写 Q=mcΔθ 与 Q=ml；能列 ΔU=Q+W；Chapter 19 EXAM-STYLE QUESTIONS 限时做完并批改
Phy	Ch2	四个公式默写全对；能从 v–t 图求位移；能处理自由落体与抛体；Chapter 2 EXAM-STYLE QUESTIONS 限时做完并批改
Phy	Ch20	能默写 pV=nRT 与 pV=NkT；能解释压强与温度的微观意义；Chapter 20 EXAM-STYLE QUESTIONS 限时做完并批改
Phy	Ch21	能默写 E=V/d 与 F=qE；能算电容器储能 W=½QV；Chapter 21 EXAM-STYLE QUESTIONS 限时做完并批改
Phy	Ch3	能画受力图；能区分质量与重量；能解连接体问题；Chapter 3 EXAM-STYLE QUESTIONS 限时做完并批改
Phy	Ch4	能对悬空/靠墙物体列力矩方程；能把力分解到任意方向；Chapter 4 EXAM-STYLE QUESTIONS 限时做完并批改
Phy	Ch5	能算 W=Fs cosθ 与 P=W/t、P=Fv；能列能量守恒式；Chapter 5 EXAM-STYLE QUESTIONS 限时做完并批改
Phy	Ch6	能判断动量守恒的方向；能用动能计算判断碰撞类型；Chapter 6 EXAM-STYLE QUESTIONS 限时做完并批改
Phy	Ch7	能画应力—应变图并标出弹性极限/屈服点；能算 Young 模量 E=Fl/Ax；Chapter 7 EXAM-STYLE QUESTIONS 限时做完并批改
Phy	Ch8	能默写 I=Q/t；能在电路图中标出电流方向与大小；Chapter 8 EXAM-STYLE QUESTIONS 限时做完并批改
Phy	Ch9	能对回路列 KVL；能算端电压 U=ε−Ir；Chapter 9 EXAM-STYLE QUESTIONS 限时做完并批改
Phy	P1	能给结果配上绝对/相对不确定度；能画最佳拟合直线并求斜率；能识别系统误差与随机误差；P1.1–P1.11 全部读一遍并做笔记
S1	Ch1	能画 stem-and-leaf 并写 key；能从累积频数图读中位数与四分位数；Ex 1A–1D 错题清零
S1	Ch2	能算分组数据的估计均值；能说明为什么估计均值有误差；Ex 2A–2E 错题清零
S1	Ch3	默写方差与标准差公式（原始与编码两种）；能对数据做编码 y=(x−a)/b 并还原；Ex 3A–3E 错题清零
S1	Ch4	默写 P(A∪B)=P(A)+P(B)−P(A∩B) 与 P(A|B)=P(A∩B)/P(B)；能区分互斥与独立；Ex 4A–4F 错题清零
S1	Ch5	能判断该用 P 还是 C；能处理「至少/至多」用补集；Ex 5A–5G 错题清零
S1	Ch6	能默写 E(X)=Σxp 与 Var(X)=E(X²)−μ²；能列出随机变量的所有取值；Ex 6A–6B 错题清零
S1	Ch7	能判断二项分布的 4 个条件；能默写 P(X=r)=ⁿCᵣpʳqⁿ⁻ʳ 与几何分布公式；Ex 7A–7D 错题清零
S1	Ch8	能默写 z=(x−μ)/σ 并查表；能做逆查表；能判断何时用连续性修正；Ex 8A–8E 错题清零
