# book	section	pdf_page
P1	1.1	14
P1	1.2	17
P1	1.3	21
P1	1.5	26
P1	1.6	28
P1	1.7	32
P1	1.8	35
P1	1.9	38
P1	2.1	45
P1	2.2	50
P1	2.3	54
P1	2.4	59
P1	2.5	62
P1	2.6	66
P1	2.7	68
P1	2.8	70
P1	3.1	83
P1	3.2	86
P1	3.3	89
P1	3.4	93
P1	3.5	99
P1	4.1	112
P1	4.2	115
P1	4.3	118
P1	5.1	129
P1	5.2	132
P1	5.3	134
P1	5.4	138
P1	5.5	147
P1	5.6	151
P1	5.7	156
P1	5.8	160
P1	6.1	167
P1	6.2	171
P1	6.3	177
P1	6.4	182
P1	6.5	186
P1	6.6	191
P1	7.1	202
P1	7.2	209
P1	7.3	212
P1	7.4	216
P1	8.1	224
P1	8.2	227
P1	8.3	232
P1	8.4	238
P1	8.5	241
P1	9.1	250
P1	9.2	255
P1	9.3	258
P1	9.4	260
P1	9.5	261
P1	9.6	264
P1	9.7	271
P1	9.8	275
P1	9.9	279
P2/3	1.1	13
P2/3	1.2	18
P2/3	1.3	19
P2/3	1.4	22
P2/3	1.5	25
P2/3	1.6	29
P2/3	2.1	37
P2/3	2.2	41
P2/3	2.3	44
P2/3	2.4	46
P2/3	2.5	49
P2/3	2.6	51
P2/3	2.7	53
P2/3	2.8	55
P2/3	3.1	64
P2/3	3.2	69
P2/3	3.3	72
P2/3	3.4	77
P2/3	4.1	92
P2/3	4.2	95
P2/3	4.3	98
P2/3	4.4	102
P2/3	4.5	106
P2/3	4.6	110
P2/3	4.7	114
P2/3	5.1	123
P2/3	5.2	126
P2/3	5.3	129
P2/3	5.4	132
P2/3	6.1	146
P2/3	6.2	151
P2/3	7.1	177
P2/3	7.2	179
P2/3	7.3	185
P2/3	7.4	188
P2/3	7.5	190
P2/3	8.1	197
P2/3	8.2	198
P2/3	8.3	200
P2/3	8.4	202
P2/3	8.5	205
P2/3	8.6	208
P2/3	8.7	212
P2/3	9.1	222
P2/3	9.2	231
P2/3	9.3	236
P2/3	9.4	242
P2/3	9.5	247
P2/3	10.1	256
P2/3	10.2	263
P2/3	11.1	278
P2/3	11.2	280
P2/3	11.3	284
P2/3	11.4	294
P2/3	11.5	299
S1	1.1	13
S1	1.2	14
S1	1.3	17
S1	1.5	31
S1	2.1	39
S1	3.5	39
S1	4.1	102
S1	4.2	105
S1	4.3	111
S1	4.4	119
S1	4.5	123
S1	5.1	135
S1	5.2	136
S1	5.3	146
S1	5.4	149
S1	6.1	161
S1	6.2	161
S1	6.3	167
S1	7.1	177
S1	7.2	186
S1	8.1	199
S1	8.2	204
S1	8.3	216
S1	8.4	219
Phy	1.1	16
Phy	1.2	20
Phy	1.3	21
Phy	1.4	24
Phy	1.5	27
Phy	1.6	30
Phy	1.7	32
Phy	1.8	33
Phy	2.1	41
Phy	2.2	42
Phy	2.3	43
Phy	2.4	45
Phy	2.5	47
Phy	2.6	49
Phy	2.7	50
Phy	2.8	53
Phy	2.9	57
Phy	2.10	60
Phy	2.11	62
Phy	2.12	64
Phy	2.13	69
Phy	2.14	71
Phy	3.1	85
Phy	3.2	88
Phy	3.3	89
Phy	3.4	93
Phy	3.5	97
Phy	3.6	101
Phy	3.7	103
Phy	4.1	114
Phy	4.2	118
Phy	4.3	122
Phy	4.4	124
Phy	4.5	129
Phy	5.1	140
Phy	5.2	145
Phy	5.3	147
Phy	5.4	149
Phy	5.5	151
Phy	5.6	153
Phy	5.7	156
Phy	5.17	156
Phy	6.1	167
Phy	6.2	168
Phy	6.3	172
Phy	6.4	177
Phy	6.5	179
Phy	6.6	183
Phy	6.7	184
Phy	7.1	195
Phy	7.2	196
Phy	7.3	199
Phy	7.4	201
Phy	7.5	205
Phy	7.6	209
Phy	8.1	223
Phy	8.2	225
Phy	8.3	229
Phy	8.4	233
Phy	8.5	235
Phy	8.6	238
Phy	8.9	244
Phy	9.1	249
Phy	9.2	251
Phy	9.3	253
Phy	9.4	256
Phy	10.1	271
Phy	12.1	272
Phy	12.2	314
Phy	12.3	316
Phy	12.4	318
Phy	12.5	320
Phy	12.6	323
Phy	12.7	325
Phy	12.8	326
Phy	12.9	328
Phy	12.10	329
Phy	13.1	341
Phy	13.2	343
Phy	13.3	347
Phy	13.4	353
Phy	13.5	358
Phy	14.1	369
Phy	14.2	370
Phy	14.3	371
Phy	14.4	379
Phy	15.1	389
Phy	15.2	390
Phy	15.3	394
Phy	15.4	396
Phy	15.5	400
Phy	15.6	401
Phy	15.7	402
Phy	15.8	405
Phy	15.9	406
Phy	15.10	407
Phy	15.11	408
Phy	15.12	410
Phy	15.13	411
Phy	16.1	454
Phy	16.2	455
Phy	16.3	457
Phy	16.4	458
Phy	16.5	460
Phy	16.6	463
Phy	16.7	466
Phy	17.1	478
Phy	17.2	481
Phy	17.3	484
Phy	17.4	485
Phy	17.5	488
Phy	17.6	490
Phy	17.7	491
Phy	18.1	502
Phy	18.2	504
Phy	18.3	506
Phy	18.4	509
Phy	18.5	511
Phy	18.6	514
Phy	18.7	516
Phy	18.8	521
Phy	18.9	524
Phy	18.10	527
Phy	19.1	543
Phy	19.2	544
Phy	19.3	548
Phy	19.4	552
Phy	19.5	555
Phy	19.6	557
Phy	20.1	571
Phy	20.2	572
Phy	20.3	573
Phy	20.4	575
Phy	20.5	577
Phy	20.6	579
Phy	20.7	581
Phy	20.8	585
Phy	21.1	595
Phy	21.2	597
Phy	21.3	600
Phy	21.4	604
Phy	22.1	614
Phy	22.2	615
Phy	22.3	618
Phy	22.4	620
Phy	22.5	628
Phy	23.1	638
Phy	23.2	641
Phy	23.3	645
Phy	23.4	647
Phy	23.5	649
Phy	23.6	650
Phy	23.7	654
Phy	24.1	665
Phy	24.2	669
Phy	24.3	672
Phy	24.4	673
Phy	24.5	677
Phy	24.6	680
Phy	24.7	683
Phy	24.8	684
Phy	25.1	693
Phy	25.2	697
Phy	25.3	701
Phy	25.4	702
Phy	25.5	705
Phy	26.1	715
Phy	26.2	717
Phy	26.3	724
Phy	26.4	727
Phy	26.5	731
Phy	27.1	741
Phy	27.2	743
Phy	27.3	747
Phy	27.4	751
Phy	28.1	763
Phy	28.2	766
Phy	28.3	771
Phy	28.4	772
Phy	28.5	776
Phy	28.6	778
Phy	28.7	781
Phy	28.8	783
Phy	28.9	785
Phy	28.10	786
Phy	28.11	791
Phy	29.1	801
Phy	29.2	803
Phy	29.3	807
Phy	29.4	808
Phy	29.5	812
Phy	29.6	814
Phy	29.7	816
Phy	29.8	819
Phy	30.1	829
Phy	30.2	832
Phy	30.3	834
Phy	30.4	837
Phy	30.5	840
Phy	30.6	843
Phy	30.7	847
Phy	30.8	850
Phy	31.1	862
Phy	31.2	863
Phy	31.3	866
Phy	31.4	870
