Faculty_Name,Pathway_Code,Pathway_URL,Code,Name,FullFeeGPA,EnglishGrade,Duration,Year,IntakePeriods,Degree,Pathway_Text,Course_link,Additional Requirements,FS_Stream
"Faculty of Arts, Design and Architecture",,,3325,Bachelor of Social Sciences,7.1,C+,3 Year(s),2026,"Term 1, Term 2 & Term 3",Undergraduate,,https://www.unsw.edu.au/study/undergraduate/bachelor-of-social-sciences?studentType=International,,Arts and Social Science
"Faculty of Arts, Design and Architecture",,,3332,Bachelor of Construction Management and Property,7.1,C+,3 Year(s),2026,Term 1 & Term 3,Undergraduate,,https://www.unsw.edu.au/study/undergraduate/bachelor-of-construction-management-and-property?studentType=International,,Commerce/Design and Architecture
"Faculty of Arts, Design and Architecture",,,3342,Bachelor of Design/Bachelor of Media,7.1,C+,4 Year(s),2026,"Term 1, Term 2 & Term 3",Undergraduate,,https://www.unsw.edu.au/study/undergraduate/bachelor-of-design-media?studentType=International,,Design and Architecture
"Faculty of Arts, Design and Architecture",,,3343,Bachelor of Fine Arts/Bachelor of Media,7.1,C+,4 Year(s),2026,"Term 1, Term 2 & Term 3",Undergraduate,,https://www.unsw.edu.au/study/undergraduate/bachelor-of-fine-arts-media?studentType=International,,Arts and Social Science/Design and Architecture
"Faculty of Arts, Design and Architecture",,,3344,Bachelor of Media/Bachelor of Arts,7.1,C+,4 Year(s),2026,"Term 1, Term 2 & Term 3",Undergraduate,,https://www.unsw.edu.au/study/undergraduate/bachelor-of-media-arts1?studentType=International,,Arts and Social Science/Design and Architecture
"Faculty of Arts, Design and Architecture",,,3345,Bachelor of Media/Bachelor of Social Sciences,7.1,C+,4 Year(s),2026,"Term 1, Term 2 & Term 3",Undergraduate,,https://www.unsw.edu.au/study/undergraduate/bachelor-of-media-social-sciences?studentType=International,,Arts and Social Science/Design and Architecture
"Faculty of Arts, Design and Architecture",,,3362,Bachelor of City Planning (Honours),7.1,C+,4 Year(s),2026,Term 1,Undergraduate,,https://www.unsw.edu.au/study/undergraduate/bachelor-of-city-planning-honours?studentType=International,,Design and Architecture
"Faculty of Arts, Design and Architecture",,,3409,Bachelor of Arts,7.1,C+,3 Year(s),2026,"Term 1, Term 2 & Term 3",Undergraduate,,https://www.unsw.edu.au/study/undergraduate/bachelor-of-arts?studentType=International,,Arts and Social Science/Design and Architecture
"Faculty of Arts, Design and Architecture",,,3462,Bachelor of Commerce/Bachelor of Education (Secondary),8.2,B,4 Year(s),2026,Term 1 & Term 3,Undergraduate,,https://www.unsw.edu.au/study/undergraduate/bachelor-of-commerce-education-secondary?studentType=International,,Commerce
"Faculty of Arts, Design and Architecture",,,3478,"Bachelor of Politics, Philosophy and Economics",7.6,C+,3 Year(s),2026,Term 1 & Term 3,Undergraduate,,https://www.unsw.edu.au/study/undergraduate/bachelor-of-politics-philosophy-and-economics?studentType=International,,Arts and Social Science/Commerce
"Faculty of Arts, Design and Architecture",,,4033,Bachelor of Social Work (Honours),7.1,B,4 Year(s),2026,Term 1 & Term 2,Undergraduate,,https://www.unsw.edu.au/study/undergraduate/bachelor-of-social-work-honours?studentType=International,,Arts and Social Science/Design and Architecture
"Faculty of Arts, Design and Architecture",,,4034,Bachelor of Social Work (Honours)/Bachelor of Criminology and Criminal Justice,7.1,B,5 Year(s),2026,Term 1 & Term 2,Undergraduate,,https://www.unsw.edu.au/study/undergraduate/bachelor-of-social-work-honours-criminology-and-criminal-justice?studentType=International,,Arts and Social Science/Design and Architecture
"Faculty of Arts, Design and Architecture",,,4045,Bachelor of Social Work (Honours)/Bachelor of Arts,7.1,B,5.7 Year(s),2026,Term 1 & Term 2,Undergraduate,,https://www.unsw.edu.au/study/undergraduate/bachelor-of-social-work-arts?studentType=International,,Arts and Social Science/Design and Architecture
"Faculty of Arts, Design and Architecture",,,4046,Bachelor of Social Work (Honours)/Bachelor of Social Sciences,7.1,B,5 Year(s),2026,Term 1 & Term 2,Undergraduate,,https://www.unsw.edu.au/study/undergraduate/bachelor-of-social-work-honours-social-sciences?studentType=International,,Arts and Social Science
"Faculty of Arts, Design and Architecture",,,4053,Bachelor of Arts/ Bachelor of Education (Secondary),7.1,B,4 Year(s),2026,Term 1 & Term 3,Undergraduate,,https://www.unsw.edu.au/study/undergraduate/bachelor-of-arts-education-secondary?studentType=International,,Arts and Social Science/Design and Architecture
"Faculty of Arts, Design and Architecture",,,4058,Bachelor of Economics/ Bachelor of Education (Secondary),7.6,B,4 Year(s),2026,Term 1 & Term 3,Undergraduate,,https://www.unsw.edu.au/study/undergraduate/bachelor-of-economics-education-secondary?studentType=International,,Commerce
"Faculty of Arts, Design and Architecture",,,4067,Bachelor of Design/Bachelor of Education (Secondary),7.1,B,4 Year(s),2026,Term 1 & Term 3,Undergraduate,,https://www.unsw.edu.au/study/undergraduate/bachelor-of-design-education-secondary1?studentType=International,,Arts and Social Science/Design and Architecture
"Faculty of Arts, Design and Architecture",,,4068,Bachelor of Fine Arts/Bachelor of Education (Secondary),7.1,B,4 Year(s),2026,Term 1 & Term 3,Undergraduate,,https://www.unsw.edu.au/study/undergraduate/bachelor-of-fine-arts-education-secondary1?studentType=International,,Arts and Social Science/Design and Architecture
"Faculty of Arts, Design and Architecture",,,4071,Bachelor of Education (Primary) (Honours),7.1,B+,4 years,2026,Term 1,Undergraduate,,https://www.unsw.edu.au/study/undergraduate/bachelor-of-education-primary-honours?studentType=International,,Arts and Social Science/Design and Architecture
"Faculty of Arts, Design and Architecture",,,4076,Bachelor of Science/ Bachelor of Education (Secondary),7.1,B,4 Year(s),2026,Term 1 & Term 3,Undergraduate,,https://www.unsw.edu.au/study/undergraduate/bachelor-of-science-education-secondary?studentType=International,,Life Science/Physical Science
"Faculty of Arts, Design and Architecture",,,4825,Bachelor of Design,7.1,C+,3 Year(s),2026,"Term 1, Term 2 & Term 3",Undergraduate,,https://www.unsw.edu.au/study/undergraduate/bachelor-of-design1?studentType=International,,Design and Architecture
"Faculty of Arts, Design and Architecture",,,4830,Bachelor of Fine Arts,7.1,C+,3 Year(s),2026,"Term 1, Term 2 & Term 3",Undergraduate,,https://www.unsw.edu.au/study/undergraduate/bachelor-of-fine-arts1?studentType=International,,Arts and Social Science/Design and Architecture
"Faculty of Arts, Design and Architecture",,,4831,Bachelor of Fine Arts/Bachelor of Arts,7.1,C+,4 Year(s),2026,"Term 1, Term 2 & Term 3",Undergraduate,,https://www.unsw.edu.au/study/undergraduate/bachelor-of-fine-arts-arts1?studentType=International,,Arts and Social Science/Design and Architecture
"Faculty of Arts, Design and Architecture",3005_01,https://www.unswcollege.edu.au/study/diploma-of-media-communication/,3341,Bachelor of Media,7.1,C+,3 Year(s),2026,"Term 1, Term 2 & Term 3",Undergraduate,Diploma of Media and Communications,https://www.unsw.edu.au/study/undergraduate/bachelor-of-media?studentType=International,,Arts and Social Science/Design and Architecture
"Faculty of Arts, Design and Architecture",3005_01,https://www.unswcollege.edu.au/study/diploma-of-media-communication/,3341,Bachelor of Media (Cinema studies),7.1,C+,3 Year(s),2026,"Term 1, Term 2 & Term 3",Undergraduate,Diploma of Media and Communications,https://www.unsw.edu.au/study/undergraduate/bachelor-of-media?studentType=International,,Arts and Social Science/Design and Architecture
UNSW College,,,3002_01,Diploma of Engineering,6.6,C,1 Year,2026,"Term 1, Term 2, Term 3",Undergraduate,,https://www.unswcollege.edu.au/study/diploma-of-engineering/,,
"Faculty of Arts, Design and Architecture",3005_01,https://www.unswcollege.edu.au/study/diploma-of-media-communication/,3341,Bachelor of Media (Communication & Journalism),7.1,C+,3 Year(s),2026,"Term 1, Term 2 & Term 3",Undergraduate,Diploma of Media and Communications,https://www.unsw.edu.au/study/undergraduate/bachelor-of-media?studentType=International,,Arts and Social Science/Design and Architecture
"Faculty of Arts, Design and Architecture",3005_01,https://www.unswcollege.edu.au/study/diploma-of-media-communication/,3341,Bachelor of Media (Media Studies),7.1,C+,3 Year(s),2026,"Term 1, Term 2 & Term 3",Undergraduate,Diploma of Media and Communications,https://www.unsw.edu.au/study/undergraduate/bachelor-of-media?studentType=International,,Arts and Social Science/Design and Architecture
"Faculty of Arts, Design and Architecture",3005_01,https://www.unswcollege.edu.au/study/diploma-of-media-communication/,3341,Bachelor of Media (Public Relations & Advertising),7.1,C+,3 Year(s),2026,"Term 1, Term 2 & Term 3",Undergraduate,Diploma of Media and Communications,https://www.unsw.edu.au/study/undergraduate/bachelor-of-media?studentType=International,,Arts and Social Science/Design and Architecture
"Faculty of Arts, Design and Architecture",3005_01,https://www.unswcollege.edu.au/study/diploma-of-media-communication/,3341,Bachelor of Media (Screen Production),7.1,C+,3 Year(s),2026,"Term 1, Term 2 & Term 3",Undergraduate,Diploma of Media and Communications,https://www.unsw.edu.au/study/undergraduate/bachelor-of-media?studentType=International,,Arts and Social Science/Design and Architecture
"Faculty of Arts, Design and Architecture",3006_01,https://www.unswcollege.edu.au/study/diploma-of-architecture/,3261,Bachelor of Architectural Studies,7.6,C+,3 Year(s),2026,Term 1 & Term 3,Undergraduate,Diploma of Architecture (Architectural Studies),https://www.unsw.edu.au/study/undergraduate/bachelor-of-architectural-studies,,Design and Architecture
"Faculty of Arts, Design and Architecture",3006_02,https://www.unswcollege.edu.au/study/diploma-of-architecture/,3256,Bachelor of Interior Architecture (Honours),7.1,C+,4 Year(s),2026,Term 1 & Term 3,Undergraduate,Diploma of Architecture (Interior Architecture),https://www.unsw.edu.au/study/undergraduate/bachelor-of-interior-architecture-honours,,Design and Architecture
"Faculty of Arts, Design and Architecture",3006_03,https://www.unswcollege.edu.au/study/diploma-of-architecture/,3381,Bachelor of Landscape Architecture (Honours),7.1,C+,4 Year(s),2026,Term 1,Undergraduate,Diploma of Architecture (Landscape Architecture),https://www.unsw.edu.au/study/undergraduate/bachelor-of-landscape-architecture-honours,,Design and Architecture
Faculty of Engineering,,,3061,Bachelor of Food Science (Honours),7.4,C+,4 Year(s),2026,"Term 1, Term 2 & Term 3",Undergraduate,,https://www.unsw.edu.au/study/undergraduate/bachelor-of-food-science-honours?studentType=International,,Life Science/Physical Science
Faculty of Engineering,,,3635,Bachelor of Engineering (Honours) in Civil Engineering with Architecture,7.9,C+,4 Year(s),2026,Term 1,Undergraduate,,https://www.unsw.edu.au/study/undergraduate/bachelor-of-engineering-honours-civil-architecture?studentType=International,,Physical Science
Faculty of Engineering,,,3736,Bachelor of Engineering (Honours)/Master of Engineering (Electrical Engineering),7.9,C+,5 Year(s),2026,Term 1 & Term 3,Undergraduate,,https://www.unsw.edu.au/study/undergraduate/bachelor-of-engineering-honours-master-of-electrical-engineering?studentType=International,,Physical Science
Faculty of Engineering,,,3764,Bachelor of Engineering (Honours)/Bachelor of Commerce,8.2,B,5.7 Year(s),2026,Term 1 & Term 3,Undergraduate,,https://www.unsw.edu.au/study/undergraduate/bachelor-of-engineering-honours-commerce?studentType=International,,Physical Science
Faculty of Engineering,,,3767,Bachelor of Engineering (Honours)/Bachelor of Science,7.9,C+,5 Year(s),2026,"Term 1, Term 2 & Term 3",Undergraduate,,https://www.unsw.edu.au/study/undergraduate/bachelor-of-engineering-honours-science?studentType=International,,Physical Science
Faculty of Engineering,,,3768,Bachelor of Engineering (Honours)/Master of Biomedical Engineering,7.9,C+,5 Year(s),2026,"Term 1, Term 2 & Term 3",Undergraduate,,https://www.unsw.edu.au/study/undergraduate/bachelor-of-engineering-honours-master-of-biomedical-engineering?studentType=International,,Physical Science
Faculty of Engineering,,,3773,Bachelor of Engineering (Honours)/Bachelor of Engineering Science,7.9,C+,5 Year(s),2026,"Term 1, Term 2 & Term 3",Undergraduate,,https://www.unsw.edu.au/study/undergraduate/bachelor-of-engineering-honours-engineering-science?studentType=International,,Physical Science
Faculty of Engineering,,,3776,Bachelor of Engineering (Honours)/Bachelor of Surveying,7.8,C+,5 Year(s),2026,"Term 1, Term 2 & Term 3",Undergraduate,,https://www.unsw.edu.au/study/undergraduate/bachelor-of-engineering-honours-civil-surveying?studentType=International,,Physical Science
Faculty of Engineering,,,3777,Bachelor of Cyber Security,7.7,C+,3 years (F/T),2026,Term 1,Undergraduate,,https://www.unsw.edu.au/study/undergraduate/bachelor-of-cyber-security-sydney,,Life Science/Physical Science
Faculty of Engineering,,,3779,Bachelor of Advanced Computer Science (Honours),8,C+,4 Years(s),2026,"Term 1, Term 2 & Term 3",Undergraduate,,https://www.unsw.edu.au/study/undergraduate/bachelor-of-advanced-computer-science-honours?studentType=International,,Physical Science
Faculty of Engineering,,,3783,Bachelor of Science (Computer Science) / B Arts,7.7,C+,4 Year(s),2026,"Term 1, Term 2 & Term 3",Undergraduate,,https://www.unsw.edu.au/study/undergraduate/bachelor-of-computer-science-arts?studentType=International,,Physical Science
Faculty of Engineering,,,3785,Bachelor of Engineering (Honours)/Bachelor of Computer Science,7.9,C+,5 Year(s),2026,"Term 1, Term 2 & Term 3",Undergraduate,,https://www.unsw.edu.au/study/undergraduate/bachelor-of-engineering-honours-computer-science?studentType=International,,Physical Science
Faculty of Engineering,,,3789,Bachelor of Science/Bachelor of Science (Computer Science),7.7,C+,4 Year(s),2026,"Term 1, Term 2 & Term 3",Undergraduate,,https://www.unsw.edu.au/study/undergraduate/bachelor-of-science-computer-science?studentType=International,,Physical Science
Faculty of Engineering,,,3792,Bachelor of Computer Science/Bachelor of Fine Arts,7.7,C+,4 Year(s),2026,"Term 1, Term 2 & Term 3",Undergraduate,,https://www.unsw.edu.au/study/undergraduate/bachelor-of-computer-science-fine-arts?studentType=International,,Physical Science
Faculty of Engineering,,,3793,Bachelor of Fine Arts/Bachelor of Engineering (Honours),7.9,C+,5.7 Year(s),2026,"Term 1, Term 2 & Term 3",Undergraduate,,https://www.unsw.edu.au/study/undergraduate/bachelor-of-fine-arts-engineering-honours?studentType=International,,Physical Science
Faculty of Engineering,,,3961,Bachelor of Engineering (Honours)/Bachelor of Arts,7.9,C+,5.7 Year(s),2026,"Term 1, Term 2 & Term 3",Undergraduate,,https://www.unsw.edu.au/study/undergraduate/bachelor-of-engineering-honours-arts?studentType=International,,Physical Science
Faculty of Engineering,3002_01,https://www.unswcollege.edu.au/study/diploma-of-engineering/,3707,Bachelor of Engineering (Honours),7.8,C+,4 Year(s),2026,"Term 1, Term 2 & Term 3",Undergraduate,Diploma of Engineering,https://www.unsw.edu.au/study/undergraduate/bachelor-of-engineering-honours,,Physical Science
UNSW College,,,3003_01,Diploma of Computer Science,6.6,C,1 Year,2026,"Term 1, Term 2, Term 3",Undergraduate,,https://www.unswcollege.edu.au/study/diploma-of-computer-science/,,
Faculty of Engineering,3002_01,https://www.unswcollege.edu.au/study/diploma-of-engineering/,3707,Bachelor of Engineering (Honours) (Aerospace Engineering),7.8,C+,4 Year(s),2026,"Term 1, Term 2 & Term 3",Undergraduate,Diploma of Engineering,https://www.unsw.edu.au/study/undergraduate/bachelor-of-engineering-honours-aerospace,,Physical Science
Faculty of Engineering,3002_01,https://www.unswcollege.edu.au/study/diploma-of-engineering/,3707,Bachelor of Engineering (Honours) (Bioinformatics),7.8,C+,4 Year(s),2026,"Term 1, Term 2 & Term 3",Undergraduate,Diploma of Engineering,https://www.unsw.edu.au/study/undergraduate/bachelor-of-engineering-honours-bioinformatics,,Physical Science
Faculty of Engineering,3002_01,https://www.unswcollege.edu.au/study/diploma-of-engineering/,3707,Bachelor of Engineering (Honours) (Biomedical Engineering),7.8,C+,4 Year(s),2026,"Term 1, Term 2 & Term 3",Undergraduate,Diploma of Engineering,https://www.unsw.edu.au/study/undergraduate/bachelor-of-engineering-honours-biomedical-engineering,,Physical Science
Faculty of Engineering,3002_01,https://www.unswcollege.edu.au/study/diploma-of-engineering/,3707,Bachelor of Engineering (Honours) (Chemical Engineering),7.8,C+,4 Year(s),2026,"Term 1, Term 2 & Term 3",Undergraduate,Diploma of Engineering,https://www.unsw.edu.au/study/undergraduate/bachelor-of-engineering-honours-chemical,,Physical Science
Faculty of Engineering,3002_01,https://www.unswcollege.edu.au/study/diploma-of-engineering/,3707,Bachelor of Engineering (Honours) (Chemical Product Engineering),7.8,C+,4 Year(s),2026,"Term 1, Term 2 & Term 3",Undergraduate,Diploma of Engineering,https://www.unsw.edu.au/study/undergraduate/bachelor-of-engineering-honours-chemical-product,,Physical Science
Faculty of Engineering,3002_01,https://www.unswcollege.edu.au/study/diploma-of-engineering/,3707,Bachelor of Engineering (Honours) (Civil Engineering),7.8,C+,4 Year(s),2026,"Term 1, Term 2 & Term 3",Undergraduate,Diploma of Engineering,https://www.unsw.edu.au/study/undergraduate/bachelor-of-engineering-honours-civil,,Physical Science
Faculty of Engineering,3002_01,https://www.unswcollege.edu.au/study/diploma-of-engineering/,3707,Bachelor of Engineering (Honours) (Computer Engineering),7.8,C+,4 Year(s),2026,"Term 1, Term 2 & Term 3",Undergraduate,Diploma of Engineering,https://www.unsw.edu.au/study/undergraduate/bachelor-of-engineering-honours-computer,,Physical Science
Faculty of Engineering,3002_01,https://www.unswcollege.edu.au/study/diploma-of-engineering/,3707,Bachelor of Engineering (Honours) (Electrical Engineering),7.8,C+,4 Year(s),2026,"Term 1, Term 2 & Term 3",Undergraduate,Diploma of Engineering,https://www.unsw.edu.au/study/undergraduate/bachelor-of-engineering-honours-electrical,,Physical Science
Faculty of Engineering,3002_01,https://www.unswcollege.edu.au/study/diploma-of-engineering/,3707,Bachelor of Engineering (Honours) (Environmental Engineering),7.8,C+,4 Year(s),2026,"Term 1, Term 2 & Term 3",Undergraduate,Diploma of Engineering,https://www.unsw.edu.au/study/undergraduate/bachelor-of-engineering-honours-environmental,,Physical Science
Faculty of Engineering,3002_01,https://www.unswcollege.edu.au/study/diploma-of-engineering/,3707,Bachelor of Engineering (Honours) (Geoenergy and Geostorage Engineering),7.8,C+,4 Year(s),2026,"Term 1, Term 2 & Term 3",Undergraduate,Diploma of Engineering,https://www.unsw.edu.au/study/undergraduate/bachelor-of-engineering-honours-geoenergy-geostorage,,Physical Science
Faculty of Engineering,3002_01,https://www.unswcollege.edu.au/study/diploma-of-engineering/,3707,Bachelor of Engineering (Honours) (Mechanical & Manufacturing Engineering),7.8,C+,4 Year(s),2026,"Term 1, Term 2 & Term 3",Undergraduate,Diploma of Engineering,https://www.unsw.edu.au/study/undergraduate/bachelor-of-engineering-honours-mechanical-manufacturing,,Physical Science
Faculty of Engineering,3002_01,https://www.unswcollege.edu.au/study/diploma-of-engineering/,3707,Bachelor of Engineering (Honours) (Mechanical Engineering),7.8,C+,4 Year(s),2026,"Term 1, Term 2 & Term 3",Undergraduate,Diploma of Engineering,https://www.unsw.edu.au/study/undergraduate/bachelor-of-engineering-honours-mechanical,,Physical Science
Faculty of Engineering,3002_01,https://www.unswcollege.edu.au/study/diploma-of-engineering/,3707,Bachelor of Engineering (Honours) (Mechatronic Engineering),7.8,C+,4 Year(s),2026,"Term 1, Term 2 & Term 3",Undergraduate,Diploma of Engineering,https://www.unsw.edu.au/study/undergraduate/bachelor-of-engineering-honours-mechatronic,,Physical Science
Faculty of Engineering,3002_01,https://www.unswcollege.edu.au/study/diploma-of-engineering/,3707,Bachelor of Engineering (Honours) (Mining Engineering),7.8,C+,4 Year(s),2026,"Term 1, Term 2 & Term 3",Undergraduate,Diploma of Engineering,https://www.unsw.edu.au/study/undergraduate/bachelor-of-engineering-honours-mining,,Physical Science
Faculty of Engineering,3002_01,https://www.unswcollege.edu.au/study/diploma-of-engineering/,3707,Bachelor of Engineering (Honours) (Nuclear Engineering),7.8,C+,4 Year(s),2026,"Term 1, Term 2 & Term 3",Undergraduate,Diploma of Engineering,https://www.unsw.edu.au/study/undergraduate/bachelor-of-engineering-honours-nuclear-engineering,,Physical Science
Faculty of Engineering,3002_01,https://www.unswcollege.edu.au/study/diploma-of-engineering/,3707,Bachelor of Engineering (Honours) (Photovoltaics & Solar Energy),7.8,C+,4 Year(s),2026,"Term 1, Term 2 & Term 3",Undergraduate,Diploma of Engineering,https://www.unsw.edu.au/study/undergraduate/bachelor-of-engineering-honours-photovoltaics-solar-energy,,Physical Science
Faculty of Engineering,3002_01,https://www.unswcollege.edu.au/study/diploma-of-engineering/,3707,Bachelor of Engineering (Honours) (Quantum Engineering),7.8,C+,4 Year(s),2026,"Term 1, Term 2 & Term 3",Undergraduate,Diploma of Engineering,https://www.unsw.edu.au/study/undergraduate/bachelor-of-engineering-honours-quantum,,Physical Science
Faculty of Engineering,3002_01,https://www.unswcollege.edu.au/study/diploma-of-engineering/,3707,Bachelor of Engineering (Honours) (Renewable Energy Engineering),7.8,C+,4 Year(s),2026,"Term 1, Term 2 & Term 3",Undergraduate,Diploma of Engineering,https://www.unsw.edu.au/study/undergraduate/bachelor-of-engineering-honours-renewable-energy,,Physical Science
Faculty of Engineering,3002_01,https://www.unswcollege.edu.au/study/diploma-of-engineering/,3707,Bachelor of Engineering (Honours) (Robotics and Mechatronics),7.8,C+,4 Year(s),2026,"Term 1, Term 2 & Term 3",Undergraduate,Diploma of Engineering,https://www.unsw.edu.au/study/undergraduate/bachelor-of-engineering-honours-robotics-mechatronics,,Physical Science
Faculty of Engineering,3002_01,https://www.unswcollege.edu.au/study/diploma-of-engineering/,3707,Bachelor of Engineering (Honours) (Software Engineering),7.8,C+,4 Year(s),2026,"Term 1, Term 2 & Term 3",Undergraduate,Diploma of Engineering,https://www.unsw.edu.au/study/undergraduate/bachelor-of-engineering-honours-software,,Physical Science
Faculty of Engineering,3002_01,https://www.unswcollege.edu.au/study/diploma-of-engineering/,3707,Bachelor of Engineering (Honours) (Surveying),7.8,C+,4 Year(s),2026,"Term 1, Term 2 & Term 3",Undergraduate,Diploma of Engineering,https://www.unsw.edu.au/study/undergraduate/bachelor-of-engineering-honours-surveying,,Physical Science
Faculty of Engineering,3002_01,https://www.unswcollege.edu.au/study/diploma-of-engineering/,3707,Bachelor of Engineering (Honours) (Telecommunications),7.8,C+,4 Year(s),2026,"Term 1, Term 2 & Term 3",Undergraduate,Diploma of Engineering,https://www.unsw.edu.au/study/undergraduate/bachelor-of-engineering-honours-telecommunications,,Physical Science
Faculty of Engineering,3003_01,https://www.unswcollege.edu.au/study/diploma-of-computer-science/,3778,Bachelor of Science - Computer Science,7.7,C+,3 Year(s),2026,"Term 1, Term 2 & Term 3",Undergraduate,Diploma of Computer Science,https://www.unsw.edu.au/study/undergraduate/bachelor-of-computer-science,,Physical Science
Faculty of Law and Justice,,,3422,Bachelor of Criminology and Criminal Justice,7.1,C+,3 Year(s),2026,"Term 1, Term 2 & Term 3",Undergraduate,,https://www.unsw.edu.au/study/undergraduate/bachelor-of-criminology-and-criminal-justice?studentType=International,,Arts and Social Science/Design and Architecture
Faculty of Law and Justice,,,3765,Bachelor of Engineering (Honours)/Bachelor of Laws,8.2,B,6.7 Year(s),2026,Term 1,Undergraduate,,https://www.unsw.edu.au/study/undergraduate/bachelor-of-engineering-honours-law?studentType=International,,Physical Science
Faculty of Law and Justice,,,3786,Bachelor of Science (Computer Science)/ Bachelor of Laws,8.2,B,5 Year(s),2026,Term 1,Undergraduate,,https://www.unsw.edu.au/study/undergraduate/bachelor-of-computer-science-law?studentType=International,,Physical Science
Faculty of Law and Justice,,,3798,Bachelor of Criminology & Criminal Justice/Psychology (Honours),8.2,B,5 years F/T,2026,Term 1,Undergraduate,,https://www.unsw.edu.au/study/undergraduate/bachelor-of-criminology-criminal-justice-bachelor-of-psychology-honours,,Life Science/Physical Science
Faculty of Law and Justice,,,3799,Bachelor of Criminology & Criminal Justice/Psychological Science,7.1,B,4 years F/T,2026,Term 1 & Term 3,Undergraduate,,https://www.unsw.edu.au/study/undergraduate/bachelor-of-criminology-and-criminal-justice-bachelor-of-psychological-sciences,,Life Science/Physical Science
Faculty of Law and Justice,,,3997,Bachelor of Advanced Science (Honours)/Bachelor of Laws,8.2,B,6 Year(s),2026,Term 1,Undergraduate,,https://www.unsw.edu.au/study/undergraduate/bachelor-of-advanced-science-honours-law?studentType=International,,Life Science/Physical Science
Faculty of Law and Justice,,,3998,Bachelor of Science (Advanced Mathematics) (Honours)/Bachelor of Laws,8.2,B,6 Year(s),2026,Term 1,Undergraduate,,https://www.unsw.edu.au/study/undergraduate/bachelor-of-science-advanced-mathematics-honours-law?studentType=International,,Life Science/Physical Science
Faculty of Law and Justice,,,4706,Bachelor of City Planning (Honours)/Bachelor of Laws,8.2,B,6.7 Year(s),2026,Term 1,Undergraduate,,https://www.unsw.edu.au/study/undergraduate/bachelor-of-city-planning-honours-law?studentType=International,,Design and Architecture
Faculty of Law and Justice,,,4721,Bachelor of Psychology (Honours)/Bachelor of Laws,8.2,B,6 Year(s),2026,Term 1,Undergraduate,,https://www.unsw.edu.au/study/undergraduate/bachelor-of-psychology-honours-law?studentType=International,,Life Science/Physical Science
Faculty of Law and Justice,,,4722,Bachelor of Psychological Science/Bachelor of Laws,8.2,B,5 Year(s),2026,Term 1,Undergraduate,,https://www.unsw.edu.au/study/undergraduate/bachelor-of-psychological-science-law?studentType=International,,Life Science/Physical Science
Faculty of Law and Justice,,,4733,Bachelor of Commerce (All Majors) / Bachelor of Laws,8.2,B,5 Year(s),2026,Term 1 & Term 3,Undergraduate,,https://www.unsw.edu.au/study/undergraduate/bachelor-of-commerce-law?studentType=International,,Commerce
Faculty of Law and Justice,,,4737,Bachelor of Actuarial Studies/Bachelor of Laws,9.2,B,5 Year(s),2026,Term 1 & Term 3,Undergraduate,,https://www.unsw.edu.au/study/undergraduate/bachelor-of-actuarial-studies-law?studentType=International,,Actuarial Studies
Faculty of Law and Justice,,,4744,Bachelor of Economics/Bachelor of Laws,8.2,B,5 Year(s),2026,Term 1 & Term 3,Undergraduate,,https://www.unsw.edu.au/study/undergraduate/bachelor-of-economics-law?studentType=International,,Commerce
Faculty of Law and Justice,,,4755,Bachelor of Medicinal Chemistry (Honours)/Bachelor of Laws,8.2,B,6.7 Year(s),2026,Term 1,Undergraduate,,https://www.unsw.edu.au/study/undergraduate/bachelor-of-medicinal-chemistry-honours-law?studentType=International,,Life Science/Physical Science
Faculty of Law and Justice,,,4763,Bachelor of Criminology and Criminal Justice/Bachelor of Laws,8.2,B,5 Year(s),2026,Term 1,Undergraduate,,https://www.unsw.edu.au/study/undergraduate/bachelor-of-criminology-criminal-justice-law?studentType=International,,Arts and Social Science/Commerce/Design and Architecture
Faculty of Law and Justice,,,4770,Bachelor of Science / Bachelor of Laws,8.2,B,5 Year(s),2026,Term 1,Undergraduate,,https://www.unsw.edu.au/study/undergraduate/bachelor-of-science-law?studentType=International,,Life Science/Physical Science
Faculty of Law and Justice,,,4782,Bachelor of Arts/Bachelor of Laws,8.2,B,5 Year(s),2026,Term 1,Undergraduate,,https://www.unsw.edu.au/study/undergraduate/bachelor-of-arts-law?studentType=International,,Arts and Social Science/Commerce/Design and Architecture
Faculty of Law and Justice,,,4787,Bachelor of Social Work (Honours)/Bachelor of Laws,8.2,B,6.7 Year(s),2026,Term 1,Undergraduate,,https://www.unsw.edu.au/study/undergraduate/bachelor-of-social-work-honours-law?studentType=International,,Arts and Social Science/Commerce/Design and Architecture
Faculty of Law and Justice,,,4795,Bachelor of Data Science and Decisions/Bachelor of Laws,8.2,B,5.7 Year(s),2026,Term 1,Undergraduate,,https://www.unsw.edu.au/study/undergraduate/bachelor-of-data-science-and-decisions-law?studentType=International,,Actuarial Studies/Life Science/Physical Science
Faculty of Law and Justice,,,4797,"Bachelor of Politics, Philosophy and Economics/Bachelor of Laws",8.2,B,6 Year(s),2026,Term 1,Undergraduate,,https://www.unsw.edu.au/study/undergraduate/bachelor-of-politics-philosophy-and-economics-law?studentType=International,,Arts and Social Science
Faculty of Law and Justice,,,4873,Bachelor of Social Sciences/Bachelor of Laws,8.2,B,5 Year(s),2026,Term 1,Undergraduate,,https://www.unsw.edu.au/study/undergraduate/bachelor-of-social-science-law1?studentType=International,,Arts and Social Science/Commerce/Design and Architecture
Faculty of Law and Justice,,,4875,Bachelor of Media/Bachelor of Laws,8.2,B,5 Year(s),2026,Term 1,Undergraduate,,https://www.unsw.edu.au/study/undergraduate/bachelor-of-media-law?studentType=International,,Arts and Social Science/Commerce/Design and Architecture
Faculty of Law and Justice,,,4877,Bachelor of Fine Arts/Bachelor of Laws,8.2,B,5 Year(s),2026,Term 1,Undergraduate,,https://www.unsw.edu.au/study/undergraduate/bachelor-of-fine-arts-law1?studentType=International,,Arts and Social Science/Design and Architecture
Faculty of Medicine and Health,,,3181,Bachelor of Vision Science,7.6,C+,3 Year(s),2026,Term 1,Undergraduate,,https://www.unsw.edu.au/study/undergraduate/bachelor-of-vision-science?studentType=International,,Life Science/Physical Science
Faculty of Medicine and Health,,,3182,Bachelor of Vision Science/Master of Clinical Optometry,9.2,C+,5 Year(s),2026,Term 1,Undergraduate,,https://www.unsw.edu.au/study/undergraduate/bachelor-of-vision-science-clinical-optometry?studentType=International,,Life Science/Physical Science
Faculty of Medicine and Health,,,3805,Medical Studies/Doctor of Medicine,9,B,6 Year(s),2026,Term 1,Undergraduate,,https://www.unsw.edu.au/study/undergraduate/bachelor-of-medical-studies-doctor-of-medicine,,
Faculty of Medicine and Health,,,3881,Bachelor of Public Health,6.9,C+,3 Year(s),2026,Term 1 & Term 3,Undergraduate,,https://www.unsw.edu.au/study/undergraduate/bachelor-of-public-health?studentType=International,,Life Science/Physical Science
Faculty of Medicine and Health,,,3894,Bachelor of Nutrition / Master of Dietetics and Food Innovation,7.5,B+,5 Year(s),2026,Term 1,Undergraduate,,https://www.unsw.edu.au/study/undergraduate/bachelor-of-nutrition-master-of-dietetics-and-food-innovation?studentType=International,,Life Science/Physical Science
Faculty of Medicine and Health,,,3895,Bachelor of Pharmaceutical Medicine / Master of Pharmacy,7.6,B,5 Year(s),2026,Term 1,Undergraduate,,https://www.unsw.edu.au/study/undergraduate/bachelor-of-pharmaceutical-medicine-master-of-pharmacy?studentType=International,,Life Science/Physical Science
Faculty of Medicine and Health,,,3896,Bachelor of Exercise Science / Master of Physiotherapy and Exercise Physiology,8.5,B,5 Year(s),2026,Term 1,Undergraduate,,https://www.unsw.edu.au/study/undergraduate/bachelor-of-exercise-science-master-of-physiotherapy-and-exercise-physiology?studentType=International,,Life Science/Physical Science
Faculty of Medicine and Health,,,3897,Bachelor of Applied Exercise Science / Master of Clinical Exercise Physiology,7.5,B,4.4 Year(s),2026,Term 1,Undergraduate,,https://www.unsw.edu.au/study/undergraduate/bachelor-of-applied-exercise-science-master-of-clinical-exercise-physiology?studentType=International,,Life Science/Physical Science
Faculty of Science,,,3053,Bachelor of Biotechnology (Honours),7.1,C+,4 Year(s),2026,"Term 1, Term 2 & Term 3",Undergraduate,,https://www.unsw.edu.au/study/undergraduate/bachelor-of-biotechnology-honours?studentType=International,,Life Science/Physical Science
Faculty of Science,,,3132,Bachelor of Engineering (Honours) in Materials Science and Engineering/Bachelor of Engineering Science,7.9,C+,5 Year(s),2026,"Term 1, Term 2 & Term 3",Undergraduate,,https://www.unsw.edu.au/study/undergraduate/bachelor-of-materials-science-and-engineering-honours-engineering-science?studentType=International,,Physical Science
Faculty of Science,,,3133,Bachelor of Engineering (Honours) in Materials Science and Engineering/Master of Biomedical Engineering,7.9,C+,5 Year(s),2026,"Term 1, Term 2 & Term 3",Undergraduate,,https://www.unsw.edu.au/study/undergraduate/bachelor-of-engineering-and-materials-science-honours-master-of-biomedical-engineering?studentType=International,,Physical Science
Faculty of Science,,,3134,Bachelor of Engineering (Honours) (Materials Science and Engineering)/Bachelor of Commerce,8.2,B,5.7 Year(s),2026,"Term 1, Term 2 & Term 3",Undergraduate,,https://www.unsw.edu.au/study/undergraduate/bachelor-of-engineering-and-materials-science-honours-commerce?studentType=International,,Physical Science
Faculty of Science,,,3435,Bachelor of Psychological Science,7.1,C+,3 Year(s),2026,Term 1 & Term 3,Undergraduate,,https://www.unsw.edu.au/study/undergraduate/bachelor-of-psychological-science?studentType=International,,Life Science/Physical Science
Faculty of Science,,,3632,Bachelor of Psychology (Honours),8.2,C+,4 Year(s),2026,Term 1,Undergraduate,,https://www.unsw.edu.au/study/undergraduate/bachelor-of-psychology-honours?studentType=International,,Life Science/Physical Science
Faculty of Science,,,3761,Bachelor of Science (Advanced Mathematics) (Honours)/Bachelor of Engineering (Honours),7.9,C+,6 Year(s),2026,Term 1 & Term 3,Undergraduate,,https://www.unsw.edu.au/study/undergraduate/bachelor-of-science-advanced-mathematics-honours-engineering-honours?studentType=International,,Physical Science
Faculty of Science,,,3762,Bachelor of Advanced Science (Honours)/Bachelor of Engineering (Honours),7.9,C+,6 Year(s),2026,Term 1 & Term 3,Undergraduate,,https://www.unsw.edu.au/study/undergraduate/bachelor-of-advanced-science-honours-engineering-honours?studentType=International,,Physical Science
UNSW College,,,3004_01,Diploma of Business,6.7,C+,1 Year,2026,"Term 1, Term 2, Term 3",Undergraduate,,https://www.unswcollege.edu.au/study/diploma-of-business/,,
Faculty of Science,,,3781,Bachelor of Science (Advanced Mathematics) (Honours)/Bachelor of Science (Computer Science),7.7,C+,5 Year(s),2026,"Term 1, Term 2 & Term 3",Undergraduate,,https://www.unsw.edu.au/study/undergraduate/bachelor-of-advanced-mathematics-honours-computer-science?studentType=International,,Physical Science
Faculty of Science,,,3782,Bachelor of Advanced Science (Honours)/Bachelor of Science (Computer Science),7.7,C+,5 Year(s),2026,"Term 1, Term 2 & Term 3",Undergraduate,,https://www.unsw.edu.au/study/undergraduate/bachelor-of-advanced-science-honours-computer-science?studentType=International,,Physical Science
Faculty of Science,,,3921,Bachelor of Science/Bachelor of Fine Arts,7.1,C+,4 Year(s),2026,"Term 1, Term 2 & Term 3",Undergraduate,,https://www.unsw.edu.au/study/undergraduate/bachelor-of-science-fine-arts1?studentType=International,,Life Science/Physical Science
Faculty of Science,,,3922,Bachelor of Advanced Science (Honours)/Bachelor of Fine Arts,7.7,C+,5  Year(s),2026,"Term 1, Term 2 & Term 3",Undergraduate,,https://www.unsw.edu.au/study/undergraduate/bachelor-of-advanced-science-honours-fine-arts1?studentType=International,,Life Science/Physical Science
Faculty of Science,,,3923,Bachelor of Science/Bachelor of Social Sciences,7.1,C+,4 Year(s),2026,"Term 1, Term 2 & Term 3",Undergraduate,,https://www.unsw.edu.au/study/undergraduate/bachelor-of-science-social-science1?studentType=International,,Life Science/Physical Science
Faculty of Science,,,3924,Bachelor of Advanced Science (Honours)/Bachelor of Social Sciences,7.7,C+,5 Year(s),2026,"Term 1, Term 2 & Term 3",Undergraduate,,https://www.unsw.edu.au/study/undergraduate/bachelor-of-advanced-science-honours-social-science1?studentType=International,,Life Science/Physical Science
Faculty of Science,,,3928,Bachelor of Aviation (Remotely Piloted Aircraft Systems),6.9,C+,3 Year(s),2026,Term 1,Undergraduate,,https://www.unsw.edu.au/study/undergraduate/bachelor-of-aviation-remotely-piloted-aircraft-systems?studentType=International,,Physical Science
Faculty of Science,,,3947,Bachelor of Science / Bachelor of Arts,7.1,C+,4 Year(s),2026,"Term 1, Term 2 & Term 3",Undergraduate,,https://www.unsw.edu.au/study/undergraduate/bachelor-of-science-arts?studentType=International,,Life Science/Physical Science
Faculty of Science,,,3948,Bachelor of Advanced Science (Honours)/Bachelor of Arts,7.7,C+,5 Year(s),2026,"Term 1, Term 2 & Term 3",Undergraduate,,https://www.unsw.edu.au/study/undergraduate/bachelor-of-advanced-science-honours-arts?studentType=International,,Life Science/Physical Science
Faculty of Science,,,3949,Bachelor of Science (Advanced Mathematics) (Honours)/Bachelor of Arts,7.7,C+,5 Year(s),2026,"Term 1, Term 2 & Term 3",Undergraduate,,https://www.unsw.edu.au/study/undergraduate/bachelor-of-science-advanced-mathematics-honours-arts?studentType=International,,Life Science/Physical Science
Faculty of Science,,,3955,Bachelor of Environmental Management/Bachelor of Arts,7.1,C+,4.7 Year(s),2026,"Term 1, Term 2 & Term 3",Undergraduate,,https://www.unsw.edu.au/study/undergraduate/bachelor-of-environmental-management-arts?studentType=International,,Life Science/Physical Science
Faculty of Science,,,3956,Bachelor of Science (Advanced Mathematics)(Honours),7.7,C+,4 Year(s),2026,"Term 1, Term 2 & Term 3",Undergraduate,,https://www.unsw.edu.au/study/undergraduate/bachelor-of-science-advanced-mathematics-honours?studentType=International,,Life Science/Physical Science
Faculty of Science,,,3959,Bachelor of Data Science and Decisions,7.5,C+,3 Year(s),2026,"Term 1, Term 2 & Term 3",Undergraduate,,https://www.unsw.edu.au/study/undergraduate/bachelor-of-data-science-and-decisions?studentType=International,,Actuarial Studies/Physical Science
Faculty of Science,,,3962,Bachelor of Advanced Science (Honours),7.7,C+,4 Year(s),2026,"Term 1, Term 2 & Term 3",Undergraduate,,https://www.unsw.edu.au/study/undergraduate/bachelor-of-advanced-science-honours?studentType=International,,Life Science/Physical Science
Faculty of Science,,,3965,Bachelor of Environmental Management,7.1,C+,3 Year(s),2026,"Term 1, Term 2 & Term 3",Undergraduate,,https://www.unsw.edu.au/study/undergraduate/bachelor-of-environmental-management?studentType=International,,Life Science/Physical Science
Faculty of Science,,,3980,Bachelor of Aviation (Flying),6.9,C+,3 Year(s),2026,Term 1,Undergraduate,,https://www.unsw.edu.au/study/undergraduate/bachelor-of-aviation-flying?studentType=International,,Physical Science
Faculty of Science,,,3981,Bachelor of Aviation (Management),6.9,C+,3 Year(s),2026,"Term 1, Term 2 & Term 3",Undergraduate,,https://www.unsw.edu.au/study/undergraduate/bachelor-of-aviation-management?studentType=International,,Commerce/Life Science/Physical Science
Faculty of Science,,,3991,Bachelor of Medical Science,7.5,C+,3 Year(s),2026,Term 1,Undergraduate,,https://www.unsw.edu.au/study/undergraduate/bachelor-of-medical-science?studentType=International,,Life Science/Physical Science
Faculty of Science,,,3999,Bachelor of Medicinal Chemistry (Honours),7.4,C+,4 Year(s),2026,"Term 1, Term 2 & Term 3",Undergraduate,,https://www.unsw.edu.au/study/undergraduate/bachelor-of-medicinal-chemistry-honours?studentType=International,,Life Science/Physical Science
Faculty of Science,3001_01,https://www.unswcollege.edu.au/study/diploma-of-science/,3970,Bachelor of Science,7.1,C+,3 Year(s),2026,"Term 1, Term 2 & Term 3",Undergraduate,Diploma of Science,https://www.unsw.edu.au/study/undergraduate/bachelor-of-science,,Life Science/Physical Science
Faculty of Science,3001_01,https://www.unswcollege.edu.au/study/diploma-of-science/,3970,Bachelor of Science (Anatomy),7.1,C+,3 Year(s),2026,"Term 1, Term 2 & Term 3",Undergraduate,Diploma of Science,https://www.unsw.edu.au/study/undergraduate/bachelor-of-science,,Life Science/Physical Science
Faculty of Science,3001_01,https://www.unswcollege.edu.au/study/diploma-of-science/,3970,Bachelor of Science (Biology & Biodiversity),7.1,C+,3 Year(s),2026,"Term 1, Term 2 & Term 3",Undergraduate,Diploma of Science,https://www.unsw.edu.au/study/undergraduate/bachelor-of-science,,Life Science/Physical Science
Faculty of Science,3001_01,https://www.unswcollege.edu.au/study/diploma-of-science/,3970,Bachelor of Science (Chemistry),7.1,C+,3 Year(s),2026,"Term 1, Term 2 & Term 3",Undergraduate,Diploma of Science,https://www.unsw.edu.au/study/undergraduate/bachelor-of-science,,Life Science/Physical Science
Faculty of Science,3001_01,https://www.unswcollege.edu.au/study/diploma-of-science/,3970,Bachelor of Science (Food Science),7.1,C+,3 Year(s),2026,"Term 1, Term 2 & Term 3",Undergraduate,Diploma of Science,https://www.unsw.edu.au/study/undergraduate/bachelor-of-science,,Life Science/Physical Science
Faculty of Science,3001_01,https://www.unswcollege.edu.au/study/diploma-of-science/,3970,Bachelor of Science (Genetics),7.1,C+,3 Year(s),2026,"Term 1, Term 2 & Term 3",Undergraduate,Diploma of Science,https://www.unsw.edu.au/study/undergraduate/bachelor-of-science,,Life Science/Physical Science
Faculty of Science,3001_01,https://www.unswcollege.edu.au/study/diploma-of-science/,3970,Bachelor of Science (Marine & Coastal Science),7.1,C+,3 Year(s),2026,"Term 1, Term 2 & Term 3",Undergraduate,Diploma of Science,https://www.unsw.edu.au/study/undergraduate/bachelor-of-science,,Life Science/Physical Science
UNSW College,,,3005_01,Diploma of Media and Communications,6,C,1 Year,2026,"Term 1, Term 2, Term 3",Undergraduate,,https://www.unswcollege.edu.au/study/diploma-of-media-communication/,,
Faculty of Science,3001_01,https://www.unswcollege.edu.au/study/diploma-of-science/,3970,Bachelor of Science (Materials Science),7.1,C+,3 Year(s),2026,"Term 1, Term 2 & Term 3",Undergraduate,Diploma of Science,https://www.unsw.edu.au/study/undergraduate/bachelor-of-science,,Life Science/Physical Science
Faculty of Science,3001_01,https://www.unswcollege.edu.au/study/diploma-of-science/,3970,Bachelor of Science (Mathematics),7.1,C+,3 Year(s),2026,"Term 1, Term 2 & Term 3",Undergraduate,Diploma of Science,https://www.unsw.edu.au/study/undergraduate/bachelor-of-science,,Life Science/Physical Science
Faculty of Science,3001_01,https://www.unswcollege.edu.au/study/diploma-of-science/,3970,Bachelor of Science (Microbiology),7.1,C+,3 Year(s),2026,"Term 1, Term 2 & Term 3",Undergraduate,Diploma of Science,https://www.unsw.edu.au/study/undergraduate/bachelor-of-science,,Life Science/Physical Science
Faculty of Science,3001_01,https://www.unswcollege.edu.au/study/diploma-of-science/,3970,Bachelor of Science (Molecular & Cell Biology),7.1,C+,3 Year(s),2026,"Term 1, Term 2 & Term 3",Undergraduate,Diploma of Science,https://www.unsw.edu.au/study/undergraduate/bachelor-of-science,,Life Science/Physical Science
Faculty of Science,3001_01,https://www.unswcollege.edu.au/study/diploma-of-science/,3970,Bachelor of Science (Pathology),7.1,C+,3 Year(s),2026,"Term 1, Term 2 & Term 3",Undergraduate,Diploma of Science,https://www.unsw.edu.au/study/undergraduate/bachelor-of-science,,Life Science/Physical Science
Faculty of Science,3001_01,https://www.unswcollege.edu.au/study/diploma-of-science/,3970,Bachelor of Science (Pharmacology),7.1,C+,3 Year(s),2026,"Term 1, Term 2 & Term 3",Undergraduate,Diploma of Science,https://www.unsw.edu.au/study/undergraduate/bachelor-of-science,,Life Science/Physical Science
Faculty of Science,3001_01,https://www.unswcollege.edu.au/study/diploma-of-science/,3970,Bachelor of Science (Physical Oceanography),7.1,C+,3 Year(s),2026,"Term 1, Term 2 & Term 3",Undergraduate,Diploma of Science,https://www.unsw.edu.au/study/undergraduate/bachelor-of-science,,Life Science/Physical Science
Faculty of Science,3001_01,https://www.unswcollege.edu.au/study/diploma-of-science/,3970,Bachelor of Science (Physics),7.1,C+,3 Year(s),2026,"Term 1, Term 2 & Term 3",Undergraduate,Diploma of Science,https://www.unsw.edu.au/study/undergraduate/bachelor-of-science,,Life Science/Physical Science
Faculty of Science,3001_01,https://www.unswcollege.edu.au/study/diploma-of-science/,3970,Bachelor of Science (Physiology),7.1,C+,3 Year(s),2026,"Term 1, Term 2 & Term 3",Undergraduate,Diploma of Science,https://www.unsw.edu.au/study/undergraduate/bachelor-of-science,,Life Science/Physical Science
Faculty of Science,3001_01,https://www.unswcollege.edu.au/study/diploma-of-science/,3970,Bachelor of Science (Statistics),7.1,C+,3 Year(s),2026,"Term 1, Term 2 & Term 3",Undergraduate,Diploma of Science,https://www.unsw.edu.au/study/undergraduate/bachelor-of-science,,Life Science/Physical Science
Faculty of Science,3002_01,https://www.unswcollege.edu.au/study/diploma-of-engineering/,3131,Bachelor of Engineering (Honours) in Materials Science and Engineering,7.3,C+,4 Year(s),2026,"Term 1, Term 2 & Term 3",Undergraduate,Diploma of Engineering,https://www.unsw.edu.au/study/undergraduate/bachelor-of-engineering-honours-material-science?studentType=International,,Physical Science
UNSW Business School,,,3154,Bachelor of Actuarial Studies/Bachelor of Science,9.2,B,4 Year(s),2026,"Term 1, Term 2 & Term 3",Undergraduate,,https://www.unsw.edu.au/study/undergraduate/bachelor-of-actuarial-studies-science?studentType=International,,Life Science/Physical Science
UNSW College,,,3006_01,Diploma of Architecture (Architectural Studies),6,C,1 Year,2026,"Term 1, Term 3",Undergraduate,,https://www.unswcollege.edu.au/study/diploma-of-architecture/,,
UNSW Business School,,,3155,Bachelor of Actuarial Studies/Bachelor of Commerce,9.2,B,4 Year(s),2026,"Term 1, Term 2 & Term 3",Undergraduate,,https://www.unsw.edu.au/study/undergraduate/bachelor-of-actuarial-studies-commerce?studentType=International,,Actuarial Studies
UNSW Business School,,,3521,Bachelor of Commerce/Bachelor of Economics,8.2,B,4 Year(s),2026,"Term 1, Term 2 & Term 3",Undergraduate,,https://www.unsw.edu.au/study/undergraduate/bachelor-of-commerce-economics?studentType=International,,Commerce
UNSW Business School,,,3523,Bachelor of Commerce/Bachelor of Science (Advanced Mathematics) (Honours),8.2,B,5 Year(s),2026,"Term 1, Term 2 & Term 3",Undergraduate,,https://www.unsw.edu.au/study/undergraduate/bachelor-of-science-advanced-mathematics-honours-commerce?studentType=International,,Actuarial Studies/Life Science/Physical Science
UNSW Business School,,,3529,Bachelor of Commerce/Bachelor of Science,8.2,B,4 Year(s),2026,"Term 1, Term 2 & Term 3",Undergraduate,,https://www.unsw.edu.au/study/undergraduate/bachelor-of-commerce-science?studentType=International,,Life Science/Physical Science
UNSW Business School,,,3543,Bachelor of Economics (All Majors),7.6,B,3 Year(s),2026,"Term 1, Term 2 & Term 3",Undergraduate,,https://www.unsw.edu.au/study/undergraduate/bachelor-of-economics?studentType=International,,Commerce
UNSW Business School,,,3558,Bachelor of Commerce (International),8.5,B,4 Year(s),2026,"Term 1, Term 2 & Term 3",Undergraduate,,https://www.unsw.edu.au/study/undergraduate/bachelor-of-commerce-international,,Commerce
UNSW Business School,,,3563,Bachelor of Economics / Bachelor of Science,7.6,B,4 Year(s),2026,"Term 1, Term 2 & Term 3",Undergraduate,,https://www.unsw.edu.au/study/undergraduate/bachelor-of-economics-science?studentType=International,,Life Science/Physical Science
UNSW Business School,,,3564,Bachelor of Economics /Bachelor of Science (Advanced Mathematics) (Honours),7.7,B,5 Year(s),2026,"Term 1, Term 2 & Term 3",Undergraduate,,https://www.unsw.edu.au/study/undergraduate/bachelor-of-economics-science-advanced-mathematics-honours?studentType=International,,Commerce/Life Science/Physical Science
UNSW Business School,,,3566,Bachelor of Economics /Bachelor of Advanced Science (Honours),7.7,B,5 Year(s),2026,"Term 1, Term 2 & Term 3",Undergraduate,,https://www.unsw.edu.au/study/undergraduate/bachelor-of-economics-advanced-science-honours?studentType=International,,Commerce/Life Science/Physical Science
UNSW Business School,,,3573,Bachelor of Commerce/Bachelor of Arts,8.2,B,4 Year(s),2026,"Term 1, Term 2 & Term 3",Undergraduate,,https://www.unsw.edu.au/study/undergraduate/bachelor-of-commerce-arts?studentType=International,,Commerce
UNSW Business School,,,3574,Bachelor of Economics/Bachelor of Arts,7.6,B,4 Year(s),2026,"Term 1, Term 2 & Term 3",Undergraduate,,https://www.unsw.edu.au/study/undergraduate/bachelor-of-economics-arts?studentType=International,,Commerce
UNSW Business School,,,3584,Bachelor of Commerce/Bachelor of Information Systems,8.2,B,4 Year(s),2026,"Term 1, Term 2 & Term 3",Undergraduate,,https://www.unsw.edu.au/study/undergraduate/bachelor-of-commerce-information-systems?studentType=International,,Commerce
UNSW Business School,,,3586,Bachelor of Actuarial Studies,9.2,B,3 Year(s),2026,"Term 1, Term 2 & Term 3",Undergraduate,,https://www.unsw.edu.au/study/undergraduate/bachelor-of-actuarial-studies?studentType=International,,Actuarial Studies
UNSW Business School,,,3588,Bachelor of Actuarial Studies/Bachelor of Economics,9.2,B,4 Year(s),2026,"Term 1, Term 2 & Term 3",Undergraduate,,https://www.unsw.edu.au/study/undergraduate/bachelor-of-actuarial-studies-economics?studentType=International,,Actuarial Studies
UNSW Business School,,,3589,Bachelor of Actuarial Studies/Bachelor of Science (Advanced Mathematics) (Honours),9.2,B,5 Year(s),2026,"Term 1, Term 2 & Term 3",Undergraduate,,https://www.unsw.edu.au/study/undergraduate/bachelor-of-actuarial-studies-advanced-mathematics-honours?studentType=International,,Actuarial Studies/Life Science/Physical Science
UNSW Business School,,,3593,Bachelor of Commerce /Bachelor of Advanced Science (Honours),8.2,B,5 Year(s),2026,"Term 1, Term 2 & Term 3",Undergraduate,,https://www.unsw.edu.au/study/undergraduate/bachelor-of-commerce-advanced-science-honours?studentType=International,,Physical Science
UNSW Business School,,,3597,Bachelor of Commerce/Bachelor of Design,8.2,B,4 Year(s),2026,"Term 1, Term 2 & Term 3",Undergraduate,,https://www.unsw.edu.au/study/undergraduate/bachelor-of-commerce-design1?studentType=International,,Commerce
UNSW Business School,,,3598,Bachelor of Commerce/Bachelor of Media,8.2,B,4 year(s),2026,"Term 1, Term 2 & Term 3",Undergraduate,,https://www.unsw.edu.au/study/undergraduate/bachelor-of-commerce-media?studentType=International,,Commerce
UNSW Business School,,,3599,Bachelor of Commerce/Bachelor of Fine Arts,8.2,B,4 Year(s),2026,"Term 1, Term 2 & Term 3",Undergraduate,,https://www.unsw.edu.au/study/undergraduate/bachelor-of-commerce-fine-arts1?studentType=International,,Commerce
UNSW Business School,,,3671,Bachelor of Actuarial Studies / Bachelor of Information Systems,9.2,B,4 Year(s),2026,"Term 1, Term 2 & Term 3",Undergraduate,,https://www.unsw.edu.au/study/undergraduate/bachelor-of-actuarial-studies-information-systems?studentType=International,,Actuarial Studies
UNSW Business School,,,3673,Bachelor of Economics / Bachelor of Science (Computer Science),7.7,B,4 Year(s),2026,"Term 1, Term 2 & Term 3",Undergraduate,,https://www.unsw.edu.au/study/undergraduate/bachelor-of-economics-computer-science?studentType=International,,Actuarial Studies
UNSW Business School,,,3674,Bachelor of Actuarial Studies / Bachelor of Science (Computer Science),9.2,B,4 Year(s),2026,"Term 1, Term 2 & Term 3",Undergraduate,,https://www.unsw.edu.au/study/undergraduate/bachelor-of-actuarial-studies-computer-science?studentType=International,,Actuarial Studies
UNSW Business School,,,3784,Bachelor of Commerce/Bachelor of Science (Computer Science),8.2,B,4 Year(s),2026,"Term 1, Term 2 & Term 3",Undergraduate,,https://www.unsw.edu.au/study/undergraduate/bachelor-of-commerce-computer-science?studentType=International,,Actuarial Studies/Life Science/Physical Science
UNSW Business School,,,3795,Bachelor of Information Systems / Computer Science,7.7,B,4 Years,2026,"Term 1, Term 2 & Term 3",Undergraduate,,https://www.unsw.edu.au/study/undergraduate/bachelor-of-information-systems-computer-science,,Commerce/Life Science/Physical Science
UNSW Business School,,,3835,Bachelor of Commerce/Bachelor of Aviation (Management),8.2,B,4 Year(s),2026,"Term 1, Term 2 & Term 3",Undergraduate,,https://www.unsw.edu.au/study/undergraduate/bachelor-of-commerce-aviation-management?studentType=International,,Commerce
UNSW Business School,,,3979,Bachelor of Information Systems,7.6,B,3 Year(s),2026,"Term 1, Term 2 & Term 3",Undergraduate,,https://www.unsw.edu.au/study/undergraduate/bachelor-of-information-systems?studentType=International,,Commerce
UNSW Business School,3004_01,https://www.unswcollege.edu.au/study/diploma-of-business/,3502,Bachelor of Commerce (all specialisations),8.2,B,3 Year(s),2026,"Term 1, Term 2 & Term 3",Undergraduate,Diploma of Business,https://www.unsw.edu.au/study/undergraduate/bachelor-of-commerce?studentType=International,,Commerce
UNSW College,,,3001_01,Diploma of Science,6,C,1 Year,2026,"Term 1, Term 2, Term 3",Undergraduate,,https://www.unswcollege.edu.au/study/diploma-of-science/,,
UNSW College,,,3006_02,Diploma of Architecture (Interior Architecture),6,C,1 Year,2026,"Term 1, Term 3",Undergraduate,,https://www.unswcollege.edu.au/study/diploma-of-architecture/,,
UNSW College,,,3006_03,Diploma of Architecture (Landscape Architecture),6,C,1 Year,2026,Term 1,Undergraduate,,https://www.unswcollege.edu.au/study/diploma-of-architecture/,,