日期,星期,时段,科目,内容,状态
2026-10-01,周四,14:00-15:00,"物理","新课 Phy Ch1 运动学 §1.1、§1.2",已完成
2026-10-01,周四,15:15-16:15,"物理","练习 Phy Ch1 运动学（§1.1、§1.2）",已完成
2026-10-02,周五,14:00-15:00,"学术英语","EAP 01",未完成
2026-10-02,周五,15:15-16:15,"学术英语","EAP 02",未完成
2026-10-03,周六,14:00-15:00,"应用数学","新课 M1 Ch1 速度与加速度 §1.1、§1.2",未完成
2026-10-03,周六,20:00-21:00,"应用数学","练习 M1 Ch1 速度与加速度（§1.1、§1.2）",未完成
2026-10-04,周日,14:00-15:00,"复习/测试","· 回顾：Phy Ch1 ｜ M1 Ch1",未完成
2026-10-04,周日,20:00-21:00,"进阶数学","新课 FM Ch1 多项式方程的根 §1.1、§1.2",未完成
2026-10-05,周一,14:00-15:00,"纯数","新课 P1 Ch1 二次方程 §1.1、§1.2",已完成
2026-10-05,周一,15:15-16:15,"纯数","练习 P1 Ch1 二次方程（§1.1、§1.2）",已完成
2026-10-06,周二,14:00-15:00,"物理","新课 Phy Ch1 运动学 §1.3、§1.4",未完成
2026-10-06,周二,15:15-16:15,"物理","练习 Phy Ch1 运动学（§1.3、§1.4）",未完成
2026-10-07,周三,14:00-15:00,"纯数","新课 P1 Ch1 二次方程 §1.3、§1.4",未完成
2026-10-07,周三,15:15-16:15,"纯数","练习 P1 Ch1 二次方程（§1.3、§1.4）",未完成
2026-10-08,周四,21:00-22:15,"物理","新课 Phy Ch1 运动学 §1.5、§1.6",未完成
2026-10-09,周五,21:00-22:15,"学术英语","EAP 03",未完成
2026-10-10,周六,21:00-22:15,"学术英语","EAP 04",未完成
2026-10-11,周日,14:00-15:00,"复习/测试","· 回顾：P1 Ch1 ｜ Phy Ch1",未完成
2026-10-11,周日,20:00-21:00,"进阶数学","练习 FM Ch1 多项式方程的根（§1.1、§1.2）",未完成
2026-10-12,周一,21:00-22:15,"纯数","新课 P1 Ch1 二次方程 §1.5、§1.6",未完成
2026-10-13,周二,21:00-22:15,"物理","练习 Phy Ch1 运动学（§1.5、§1.6）",未完成
2026-10-14,周三,21:00-22:15,"纯数","练习 P1 Ch1 二次方程（§1.5、§1.6）",未完成
2026-10-15,周四,21:00-22:15,"物理","新课 Phy Ch1 运动学 §1.7、§1.8",未完成
2026-10-16,周五,21:00-22:15,"学术英语","EAP 05",未完成
2026-10-17,周六,14:00-15:00,"应用数学","新课 M1 Ch1 速度与加速度 §1.3、§1.4",未完成
2026-10-17,周六,20:00-21:00,"应用数学","练习 M1 Ch1 速度与加速度（§1.3、§1.4）",未完成
2026-10-18,周日,14:00-15:00,"复习/测试","· 回顾：P1 Ch1 ｜ Phy Ch1 ｜ M1 Ch1",未完成
2026-10-18,周日,20:00-21:00,"进阶数学","新课 FM Ch1 多项式方程的根 §1.3、§1.4",未完成
2026-10-19,周一,21:00-22:15,"纯数","新课 P1 Ch1 二次方程 §1.7、§1.8",未完成
2026-10-20,周二,21:00-22:15,"物理","章末复习 Phy Ch1 运动学",未完成
2026-10-21,周三,21:00-22:15,"纯数","练习 P1 Ch1 二次方程（§1.7、§1.8）",未完成
2026-10-22,周四,21:00-22:15,"物理","练习 Phy Ch2 加速运动（§2.1、§2.2）",未完成
2026-10-23,周五,21:00-22:15,"学术英语","EAP 06",未完成
2026-10-24,周六,14:00-15:00,"应用数学","新课 M1 Ch1 速度与加速度 §1.5、§1.6",未完成
2026-10-24,周六,20:00-21:00,"应用数学","章末复习 M1 Ch1 速度与加速度",未完成
2026-10-25,周日,14:00-15:00,"复习/测试","★ 10月测试：P1 Ch1｜物理 Ch1-2",未完成
2026-10-25,周日,20:00-21:00,"进阶数学","章末复习 FM Ch1 多项式方程的根",未完成
2026-10-26,周一,21:00-22:15,"纯数","章末复习 P1 Ch1 二次方程",未完成
2026-10-27,周二,21:00-22:15,"物理","新课 Phy Ch2 加速运动 §2.3、§2.4",未完成
2026-10-28,周三,21:00-22:15,"纯数","新课 P1 Ch2 函数 §2.1、§2.2",未完成
2026-10-29,周四,21:00-22:15,"物理","练习 Phy Ch2 加速运动（§2.3、§2.4）",未完成
2026-10-30,周五,21:00-22:15,"学术英语","EAP 08",未完成
2026-10-31,周六,14:00-15:00,"应用数学","新课 M1 Ch2 一维力与运动 §2.1、§2.2",未完成
2026-10-31,周六,20:00-21:00,"应用数学","练习 M1 Ch2 一维力与运动（§2.1、§2.2）",未完成
2026-11-01,周日,14:00-15:00,"复习/测试","· 回顾：P1 Ch2 ｜ Phy Ch2 ｜ M1 Ch2",未完成
2026-11-01,周日,20:00-21:00,"进阶数学","新课 FM Ch2 有理函数 §2.1、§2.2",未完成
2026-11-02,周一,21:00-22:15,"纯数","练习 P1 Ch2 函数（§2.1、§2.2）",未完成
2026-11-03,周二,21:00-22:15,"物理","新课 Phy Ch2 加速运动 §2.5、§2.6",未完成
2026-11-04,周三,21:00-22:15,"纯数","新课 P1 Ch2 函数 §2.3、§2.4",未完成
2026-11-05,周四,21:00-22:15,"物理","新课 Phy Ch2 加速运动 §2.7、§2.8",未完成
2026-11-06,周五,21:00-22:15,"学术英语","EAP 09",未完成
2026-11-07,周六,14:00-15:00,"应用数学","新课 M1 Ch2 一维力与运动 §2.3、§2.4",未完成
2026-11-07,周六,20:00-21:00,"应用数学","章末复习 M1 Ch2 一维力与运动",未完成
2026-11-08,周日,14:00-15:00,"复习/测试","· 回顾：P1 Ch2 ｜ Phy Ch2 ｜ M1 Ch2",未完成
2026-11-08,周日,20:00-21:00,"进阶数学","练习 FM Ch2 有理函数（§2.1、§2.2）",未完成
2026-11-09,周一,21:00-22:15,"纯数","新课 P1 Ch2 函数 §2.5、§2.6",未完成
2026-11-10,周二,21:00-22:15,"物理","练习 Phy Ch2 加速运动（§2.7、§2.8）",未完成
2026-11-11,周三,21:00-22:15,"纯数","练习 P1 Ch2 函数（§2.5、§2.6）",未完成
2026-11-12,周四,21:00-22:15,"物理","新课 Phy Ch2 加速运动 §2.9、§2.10",未完成
2026-11-13,周五,21:00-22:15,"学术英语","EAP 10",未完成
2026-11-14,周六,14:00-15:00,"应用数学","新课 M1 Ch3 二维力 §3.1、§3.2",未完成
2026-11-14,周六,20:00-21:00,"应用数学","练习 M1 Ch3 二维力（§3.1、§3.2）",未完成
2026-11-15,周日,14:00-15:00,"复习/测试","· 回顾：P1 Ch2 ｜ Phy Ch2 ｜ M1 Ch3",未完成
2026-11-15,周日,20:00-21:00,"进阶数学","新课 FM Ch2 有理函数 §2.3、§2.4",未完成
2026-11-16,周一,21:00-22:15,"纯数","新课 P1 Ch2 函数 §2.7、§2.8",未完成
2026-11-17,周二,21:00-22:15,"物理","练习 Phy Ch2 加速运动（§2.9、§2.10）",未完成
2026-11-18,周三,21:00-22:15,"纯数","章末复习 P1 Ch2 函数",未完成
2026-11-19,周四,21:00-22:15,"物理","练习 Phy Ch2 加速运动（§2.11、§2.12）",未完成
2026-11-20,周五,21:00-22:15,"学术英语","EAP 11",未完成
2026-11-21,周六,14:00-15:00,"应用数学","新课 M1 Ch3 二维力 §3.3、§3.4",未完成
2026-11-21,周六,20:00-21:00,"应用数学","练习 M1 Ch3 二维力（§3.3、§3.4）",未完成
2026-11-22,周日,14:00-15:00,"复习/测试","· 回顾：P1 Ch3 ｜ Phy Ch2 ｜ M1 Ch3",未完成
2026-11-22,周日,20:00-21:00,"进阶数学","章末复习 FM Ch2 有理函数",未完成
2026-11-23,周一,21:00-22:15,"纯数","练习 P1 Ch3 坐标几何（§3.1、§3.2）",未完成
2026-11-24,周二,21:00-22:15,"物理","新课 Phy Ch2 加速运动 §2.13、§2.14",未完成
2026-11-25,周三,21:00-22:15,"纯数","新课 P1 Ch3 坐标几何 §3.3、§3.4",未完成
2026-11-26,周四,21:00-22:15,"物理","章末复习 Phy Ch2 加速运动",未完成
2026-11-27,周五,21:00-22:15,"学术英语","EAP 13",未完成
2026-11-28,周六,14:00-15:00,"应用数学","新课 M1 Ch3 二维力 §3.5",未完成
2026-11-28,周六,20:00-21:00,"应用数学","章末复习 M1 Ch3 二维力",未完成
2026-11-29,周日,14:00-15:00,"复习/测试","★ 11月测试：P1 Ch1-3｜物理 Ch1-2",未完成
2026-11-29,周日,20:00-21:00,"进阶数学","新课 FM Ch3 级数求和 §3.1、§3.2",未完成
2026-11-30,周一,21:00-22:15,"纯数","练习 P1 Ch3 坐标几何（§3.3、§3.4）",未完成
2026-12-01,周二,21:00-22:15,"物理","新课 Phy Ch3 动力学 §3.1、§3.2",未完成
2026-12-02,周三,21:00-22:15,"纯数","新课 P1 Ch3 坐标几何 §3.5",未完成
2026-12-03,周四,21:00-22:15,"物理","新课 Phy Ch3 动力学 §3.3、§3.4",未完成
2026-12-04,周五,21:00-22:15,"学术英语","EAP 14",未完成
2026-12-05,周六,14:00-15:00,"应用数学","新课 M1 Ch4 摩擦力 §4.1、§4.2",未完成
2026-12-05,周六,20:00-21:00,"应用数学","练习 M1 Ch4 摩擦力（§4.1、§4.2）",未完成
2026-12-06,周日,14:00-15:00,"复习/测试","· 回顾：P1 Ch3 ｜ Phy Ch3 ｜ M1 Ch4",未完成
2026-12-06,周日,20:00-21:00,"进阶数学","章末复习 FM Ch3 级数求和",未完成
2026-12-07,周一,21:00-22:15,"纯数","新课 P1 Ch4 弧度制 §4.1、§4.2",未完成
2026-12-08,周二,21:00-22:15,"物理","练习 Phy Ch3 动力学（§3.3、§3.4）",未完成
2026-12-09,周三,21:00-22:15,"纯数","练习 P1 Ch4 弧度制（§4.1、§4.2）",未完成
2026-12-10,周四,21:00-22:15,"物理","新课 Phy Ch3 动力学 §3.5、§3.6",未完成
2026-12-11,周五,21:00-22:15,"学术英语","EAP 15",未完成
2026-12-12,周六,14:00-15:00,"应用数学","新课 M1 Ch4 摩擦力 §4.3、§4.4",未完成
2026-12-12,周六,20:00-21:00,"应用数学","章末复习 M1 Ch4 摩擦力",未完成
2026-12-13,周日,14:00-15:00,"复习/测试","· 回顾：P1 Ch4 ｜ Phy Ch3 ｜ M1 Ch4",未完成
2026-12-13,周日,20:00-21:00,"进阶数学","新课 FM Ch4 矩阵 1 §4.1、§4.2",未完成
2026-12-14,周一,21:00-22:15,"纯数","新课 P1 Ch4 弧度制 §4.3",未完成
2026-12-15,周二,21:00-22:15,"物理","练习 Phy Ch3 动力学（§3.5、§3.6）",未完成
2026-12-16,周三,21:00-22:15,"纯数","章末复习 P1 Ch4 弧度制",未完成
2026-12-17,周四,21:00-22:15,"物理","章末复习 Phy Ch3 动力学",未完成
2026-12-18,周五,21:00-22:15,"学术英语","EAP 16",未完成
2026-12-19,周六,14:00-15:00,"应用数学","新课 M1 Ch5 连接体 §5.1、§5.2",未完成
2026-12-19,周六,20:00-21:00,"应用数学","练习 M1 Ch5 连接体（§5.1、§5.2）",未完成
2026-12-20,周日,14:00-15:00,"复习/测试","· 回顾：P1 Ch5 ｜ Phy Ch3 ｜ M1 Ch5",未完成
2026-12-20,周日,20:00-21:00,"进阶数学","练习 FM Ch4 矩阵 1（§4.1、§4.2）",未完成
2026-12-21,周一,21:00-22:15,"纯数","练习 P1 Ch5 三角学（§5.1、§5.2）",未完成
2026-12-22,周二,21:00-22:15,"物理","新课 Phy Ch4 力 §4.1、§4.2",未完成
2026-12-23,周三,21:00-22:15,"纯数","新课 P1 Ch5 三角学 §5.3、§5.4",未完成
2026-12-24,周四,14:00-15:00,"物理","练习 Phy Ch4 力（§4.1、§4.2）",未完成
2026-12-24,周四,15:15-16:15,"物理","新课 Phy Ch4 力 §4.3、§4.4",未完成
2026-12-25,周五,14:00-15:00,"学术英语","EAP 18",未完成
2026-12-25,周五,15:15-16:15,"学术英语","EAP 19",未完成
2026-12-26,周六,14:00-15:00,"应用数学","新课 M1 Ch5 连接体 §5.3、§5.4",未完成
2026-12-26,周六,20:00-21:00,"应用数学","章末复习 M1 Ch5 连接体",未完成
2026-12-27,周日,14:00-15:00,"复习/测试","★ 12月测试：P1 Ch1-5｜物理 Ch1-4",未完成
2026-12-27,周日,20:00-21:00,"进阶数学","新课 FM Ch4 矩阵 1 §4.3、§4.4",未完成
2026-12-28,周一,14:00-15:00,"纯数","练习 P1 Ch5 三角学（§5.3、§5.4）",未完成
2026-12-28,周一,15:15-16:15,"纯数","新课 P1 Ch5 三角学 §5.5、§5.6",未完成
2026-12-29,周二,14:00-15:00,"物理","练习 Phy Ch4 力（§4.3、§4.4）",未完成
2026-12-29,周二,15:15-16:15,"物理","新课 Phy Ch4 力 §4.5",未完成
2026-12-30,周三,14:00-15:00,"纯数","练习 P1 Ch5 三角学（§5.5、§5.6）",未完成
2026-12-30,周三,15:15-16:15,"纯数","新课 P1 Ch5 三角学 §5.7、§5.8",未完成
2026-12-31,周四,14:00-15:00,"物理","章末复习 Phy Ch4 力",未完成
2026-12-31,周四,15:15-16:15,"物理","新课 Phy Ch5 功、能与功率 §5.1、§5.2",未完成
2027-01-01,周五,14:00-15:00,"学术英语","EAP 20",未完成
2027-01-01,周五,15:15-16:15,"学术英语","EAP 21",未完成
2027-01-02,周六,14:00-15:00,"应用数学","新课 M1 Ch6 直线上的一般运动 §6.1、§6.2",未完成
2027-01-02,周六,20:00-21:00,"应用数学","练习 M1 Ch6 直线上的一般运动（§6.1、§6.2）",未完成
2027-01-03,周日,14:00-15:00,"复习/测试","· 回顾：P1 Ch5 ｜ Phy Ch5 ｜ M1 Ch6",未完成
2027-01-03,周日,20:00-21:00,"进阶数学","章末复习 FM Ch4 矩阵 1",未完成
2027-01-04,周一,21:00-22:15,"纯数","章末复习 P1 Ch5 三角学",未完成
2027-01-05,周二,21:00-22:15,"物理","练习 Phy Ch5 功、能与功率（§5.1、§5.2）",未完成
2027-01-06,周三,21:00-22:15,"纯数","新课 P1 Ch6 数列 §6.1、§6.2",未完成
2027-01-07,周四,21:00-22:15,"物理","新课 Phy Ch5 功、能与功率 §5.3、§5.4",未完成
2027-01-08,周五,21:00-22:15,"学术英语","EAP 22",未完成
2027-01-09,周六,14:00-15:00,"应用数学","新课 M1 Ch6 直线上的一般运动 §6.3、§6.4",未完成
2027-01-09,周六,20:00-21:00,"应用数学","章末复习 M1 Ch6 直线上的一般运动",未完成
2027-01-10,周日,14:00-15:00,"复习/测试","· 回顾：P1 Ch6 ｜ Phy Ch5 ｜ M1 Ch6",未完成
2027-01-10,周日,20:00-21:00,"进阶数学","新课 FM Ch5 极坐标 §5.1、§5.2",未完成
2027-01-11,周一,21:00-22:15,"纯数","新课 P1 Ch6 数列 §6.3、§6.4",未完成
2027-01-12,周二,21:00-22:15,"物理","新课 Phy Ch5 功、能与功率 §5.5、§5.6",未完成
2027-01-13,周三,21:00-22:15,"纯数","练习 P1 Ch6 数列（§6.3、§6.4）",未完成
2027-01-14,周四,21:00-22:15,"物理","练习 Phy Ch5 功、能与功率（§5.5、§5.6）",未完成
2027-01-15,周五,21:00-22:15,"学术英语","EAP 23",未完成
2027-01-16,周六,14:00-15:00,"应用数学","新课 M1 Ch7 动量 §7.1、§7.2",未完成
2027-01-16,周六,20:00-21:00,"应用数学","章末复习 M1 Ch7 动量",未完成
2027-01-17,周日,14:00-15:00,"复习/测试","· 回顾：P1 Ch6 ｜ Phy Ch5 ｜ M1 Ch7",未完成
2027-01-17,周日,20:00-21:00,"进阶数学","章末复习 FM Ch5 极坐标",未完成
2027-01-18,周一,21:00-22:15,"纯数","新课 P1 Ch6 数列 §6.5、§6.6",未完成
2027-01-19,周二,21:00-22:15,"物理","新课 Phy Ch5 功、能与功率 §5.7",未完成
2027-01-20,周三,21:00-22:15,"纯数","章末复习 P1 Ch6 数列",未完成
2027-01-21,周四,21:00-22:15,"物理","章末复习 Phy Ch5 功、能与功率",未完成
2027-01-22,周五,21:00-22:15,"学术英语","EAP 24",未完成
2027-01-23,周六,14:00-15:00,"应用数学","新课 M1 Ch8 功与能 §8.1、§8.2",未完成
2027-01-23,周六,20:00-21:00,"应用数学","练习 M1 Ch8 功与能（§8.1、§8.2）",未完成
2027-01-24,周日,14:00-15:00,"复习/测试","★ 寒假前测试：P1 Ch1-6｜物理 Ch1-5",未完成
2027-01-24,周日,20:00-21:00,"进阶数学","新课 FM Ch6 向量（进阶） §6.1、§6.2",未完成
2027-01-25,周一,14:00-15:00,"纯数","练习 P1 Ch7 微分（§7.1、§7.2）",未完成
2027-01-25,周一,15:15-16:15,"纯数","新课 P1 Ch7 微分 §7.3、§7.4",未完成
2027-01-26,周二,14:00-15:00,"物理","练习 Phy Ch6 动量（§6.1、§6.2）",未完成
2027-01-26,周二,15:15-16:15,"物理","新课 Phy Ch6 动量 §6.3、§6.4",未完成
2027-01-27,周三,14:00-15:00,"纯数","章末复习 P1 Ch7 微分",未完成
2027-01-27,周三,15:15-16:15,"纯数","新课 P1 Ch8 进阶微分 §8.1、§8.2",未完成
2027-01-28,周四,14:00-15:00,"物理","练习 Phy Ch6 动量（§6.3、§6.4）",未完成
2027-01-28,周四,15:15-16:15,"物理","新课 Phy Ch6 动量 §6.5、§6.6",未完成
2027-01-29,周五,14:00-15:00,"学术英语","EAP 25",未完成
2027-01-29,周五,15:15-16:15,"学术英语","EAP 26",未完成
2027-01-30,周六,14:00-15:00,"应用数学","新课 M1 Ch8 功与能 §8.3",未完成
2027-01-30,周六,20:00-21:00,"应用数学","章末复习 M1 Ch8 功与能",未完成
2027-01-31,周日,14:00-15:00,"复习/测试","· 回顾：P1 Ch8 ｜ Phy Ch6 ｜ M1 Ch8",未完成
2027-01-31,周日,20:00-21:00,"进阶数学","练习 FM Ch6 向量（进阶）（§6.1、§6.2）",未完成
2027-02-01,周一,14:00-15:00,"纯数","练习 P1 Ch8 进阶微分（§8.1、§8.2）",未完成
2027-02-01,周一,15:15-16:15,"纯数","新课 P1 Ch8 进阶微分 §8.3、§8.4",未完成
2027-02-02,周二,14:00-15:00,"物理","练习 Phy Ch6 动量（§6.5、§6.6）",未完成
2027-02-02,周二,15:15-16:15,"物理","新课 Phy Ch6 动量 §6.7",未完成
2027-02-03,周三,14:00-15:00,"纯数","练习 P1 Ch8 进阶微分（§8.3、§8.4）",未完成
2027-02-03,周三,15:15-16:15,"纯数","新课 P1 Ch8 进阶微分 §8.5",未完成
2027-02-04,周四,14:00-15:00,"物理","章末复习 Phy Ch6 动量",未完成
2027-02-04,周四,15:15-16:15,"物理","新课 Phy Ch7 物质与材料 §7.1、§7.2",未完成
2027-02-05,周五,14:00-15:00,"学术英语","EAP 27",未完成
2027-02-06,周六,14:00-15:00,"应用数学","新课 M1 Ch9 功能原理与功率 §9.1、§9.2",未完成
2027-02-07,周日,14:00-15:00,"复习/测试","· 回顾：P1 Ch8 ｜ Phy Ch7 ｜ M1 Ch9",未完成
2027-02-08,周一,14:00-15:00,"纯数","章末复习 P1 Ch8 进阶微分",未完成
2027-02-09,周二,14:00-15:00,"物理","练习 Phy Ch7 物质与材料（§7.1、§7.2）",未完成
2027-02-10,周三,14:00-15:00,"纯数","新课 P1 Ch9 积分 §9.1、§9.2",未完成
2027-02-11,周四,14:00-15:00,"物理","新课 Phy Ch7 物质与材料 §7.3、§7.4",未完成
2027-02-12,周五,14:00-15:00,"学术英语","EAP 28",未完成
2027-02-13,周六,14:00-15:00,"应用数学","练习 M1 Ch9 功能原理与功率（§9.1、§9.2）",未完成
2027-02-14,周日,14:00-15:00,"复习/测试","· 回顾：P1 Ch9 ｜ Phy Ch7 ｜ M1 Ch9",未完成
2027-02-14,周日,20:00-21:00,"进阶数学","新课 FM Ch6 向量（进阶） §6.3",未完成
2027-02-15,周一,14:00-15:00,"纯数","练习 P1 Ch9 积分（§9.1、§9.2）",未完成
2027-02-15,周一,15:15-16:15,"纯数","新课 P1 Ch9 积分 §9.3、§9.4",未完成
2027-02-16,周二,14:00-15:00,"物理","练习 Phy Ch7 物质与材料（§7.3、§7.4）",未完成
2027-02-16,周二,15:15-16:15,"物理","新课 Phy Ch7 物质与材料 §7.5、§7.6",未完成
2027-02-17,周三,14:00-15:00,"纯数","练习 P1 Ch9 积分（§9.3、§9.4）",未完成
2027-02-17,周三,15:15-16:15,"纯数","新课 P1 Ch9 积分 §9.5、§9.6",未完成
2027-02-18,周四,14:00-15:00,"物理","章末复习 Phy Ch7 物质与材料",未完成
2027-02-18,周四,15:15-16:15,"物理","新课 Phy Ch8 电流 §8.1、§8.2",未完成
2027-02-19,周五,14:00-15:00,"学术英语","EAP 29",未完成
2027-02-19,周五,15:15-16:15,"学术英语","EAP 30",未完成
2027-02-20,周六,14:00-15:00,"应用数学","新课 M1 Ch9 功能原理与功率 §9.3、§9.4",未完成
2027-02-20,周六,20:00-21:00,"应用数学","章末复习 M1 Ch9 功能原理与功率",未完成
2027-02-21,周日,14:00-15:00,"复习/测试","· 回顾：P1 Ch9 ｜ Phy Ch8 ｜ M1 Ch9",未完成
2027-02-21,周日,20:00-21:00,"进阶数学","章末复习 FM Ch6 向量（进阶）",未完成
2027-02-22,周一,21:00-22:15,"纯数","练习 P1 Ch9 积分（§9.5、§9.6）",未完成
2027-02-23,周二,21:00-22:15,"物理","练习 Phy Ch8 电流（§8.1、§8.2）",未完成
2027-02-24,周三,21:00-22:15,"纯数","新课 P1 Ch9 积分 §9.7、§9.8",未完成
2027-02-25,周四,21:00-22:15,"物理","新课 Phy Ch8 电流 §8.3、§8.4",未完成
2027-02-26,周五,21:00-22:15,"学术英语","EAP 31",未完成
2027-02-27,周六,14:00-15:00,"应用数学","新课 S1 Ch1 数据的表示 §1.1、§1.2",未完成
2027-02-27,周六,20:00-21:00,"应用数学","练习 S1 Ch1 数据的表示（§1.1、§1.2）",未完成
2027-02-28,周日,14:00-15:00,"复习/测试","★ 2月测试：P1 全部｜物理 Ch1-7｜M1 全书",未完成
2027-02-28,周日,20:00-21:00,"进阶数学","新课 FM Ch7 数学归纳法 §7.1、§7.2",未完成
2027-03-01,周一,21:00-22:15,"纯数","练习 P1 Ch9 积分（§9.7、§9.8）",未完成
2027-03-02,周二,21:00-22:15,"物理","练习 Phy Ch8 电流（§8.3、§8.4）",未完成
2027-03-03,周三,21:00-22:15,"纯数","新课 P1 Ch9 积分 §9.9",未完成
2027-03-04,周四,21:00-22:15,"物理","新课 Phy Ch8 电流 §8.5、§8.6",未完成
2027-03-05,周五,21:00-22:15,"学术英语","EAP 33",未完成
2027-03-06,周六,14:00-15:00,"应用数学","新课 S1 Ch1 数据的表示 §1.3、§1.4",未完成
2027-03-06,周六,20:00-21:00,"应用数学","练习 S1 Ch1 数据的表示（§1.3、§1.4）",未完成
2027-03-07,周日,14:00-15:00,"复习/测试","· 回顾：P1 Ch9 ｜ Phy Ch8 ｜ S1 Ch1",未完成
2027-03-07,周日,20:00-21:00,"进阶数学","章末复习 FM Ch7 数学归纳法",未完成
2027-03-08,周一,21:00-22:15,"纯数","新课 P2/3 Ch1 代数 §1.1、§1.2",未完成
2027-03-09,周二,21:00-22:15,"物理","新课 Phy Ch9 基尔霍夫定律 §9.1、§9.2",未完成
2027-03-10,周三,21:00-22:15,"纯数","练习 P2/3 Ch1 代数（§1.1、§1.2）",未完成
2027-03-11,周四,21:00-22:15,"物理","练习 Phy Ch9 基尔霍夫定律（§9.1、§9.2）",未完成
2027-03-12,周五,21:00-22:15,"学术英语","EAP 34",未完成
2027-03-13,周六,14:00-15:00,"应用数学","新课 S1 Ch1 数据的表示 §1.5",未完成
2027-03-13,周六,20:00-21:00,"应用数学","章末复习 S1 Ch1 数据的表示",未完成
2027-03-14,周日,14:00-15:00,"复习/测试","· 回顾：P2/3 Ch1 ｜ Phy Ch9 ｜ S1 Ch1",未完成
2027-03-14,周日,20:00-21:00,"进阶数学","新课 FM Ch13 抛体运动 §13.1、§13.2",未完成
2027-03-15,周一,21:00-22:15,"纯数","新课 P2/3 Ch1 代数 §1.3、§1.4",未完成
2027-03-16,周二,21:00-22:15,"物理","新课 Phy Ch9 基尔霍夫定律 §9.3、§9.4",未完成
2027-03-17,周三,21:00-22:15,"纯数","练习 P2/3 Ch1 代数（§1.3、§1.4）",未完成
2027-03-18,周四,21:00-22:15,"物理","章末复习 Phy Ch9 基尔霍夫定律",未完成
2027-03-19,周五,21:00-22:15,"学术英语","EAP 35",未完成
2027-03-20,周六,14:00-15:00,"应用数学","新课 S1 Ch2 集中趋势的度量 §2.1、§2.2",未完成
2027-03-20,周六,20:00-21:00,"应用数学","练习 S1 Ch2 集中趋势的度量（§2.1、§2.2）",未完成
2027-03-21,周日,14:00-15:00,"复习/测试","· 回顾：P2/3 Ch1 ｜ Phy Ch10 ｜ S1 Ch2",未完成
2027-03-21,周日,20:00-21:00,"进阶数学","章末复习 FM Ch13 抛体运动",未完成
2027-03-22,周一,21:00-22:15,"纯数","章末复习 P2/3 Ch1 代数",未完成
2027-03-23,周二,21:00-22:15,"物理","练习 Phy Ch10 电阻与电阻率（§10.1、§10.2）",未完成
2027-03-24,周三,21:00-22:15,"纯数","新课 P2/3 Ch2 对数与指数函数 §2.1、§2.2",未完成
2027-03-25,周四,21:00-22:15,"物理","新课 Phy Ch10 电阻与电阻率 §10.3、§10.4",未完成
2027-03-26,周五,21:00-22:15,"学术英语","EAP 36",未完成
2027-03-27,周六,14:00-15:00,"应用数学","新课 S1 Ch2 集中趋势的度量 §2.3",未完成
2027-03-27,周六,20:00-21:00,"应用数学","章末复习 S1 Ch2 集中趋势的度量",未完成
2027-03-28,周日,14:00-15:00,"复习/测试","★ 3月测试：P2/3 Ch1｜物理 Ch1-9｜S1 Ch1-3",未完成
2027-03-28,周日,20:00-21:00,"进阶数学","新课 FM Ch14 刚体平衡 §14.1、§14.2",未完成
2027-03-29,周一,21:00-22:15,"纯数","练习 P2/3 Ch2 对数与指数函数（§2.1、§2.2）",未完成
2027-03-30,周二,21:00-22:15,"物理","章末复习 Phy Ch10 电阻与电阻率",未完成
2027-03-31,周三,21:00-22:15,"纯数","新课 P2/3 Ch2 对数与指数函数 §2.3、§2.4",未完成
2027-04-01,周四,21:00-22:15,"物理","新课 Phy Ch11 实用电路 §11.1、§11.2",未完成
2027-04-02,周五,21:00-22:15,"学术英语","EAP 38",未完成
2027-04-03,周六,14:00-15:00,"应用数学","新课 S1 Ch3 离散程度的度量 §3.1、§3.2",未完成
2027-04-03,周六,20:00-21:00,"应用数学","练习 S1 Ch3 离散程度的度量（§3.1、§3.2）",未完成
2027-04-04,周日,14:00-15:00,"复习/测试","· 回顾：P2/3 Ch2 ｜ Phy Ch11 ｜ S1 Ch3",未完成
2027-04-04,周日,20:00-21:00,"进阶数学","练习 FM Ch14 刚体平衡（§14.1、§14.2）",未完成
2027-04-05,周一,14:00-15:00,"纯数","新课 P2/3 Ch2 对数与指数函数 §2.5、§2.6",未完成
2027-04-05,周一,15:15-16:15,"纯数","练习 P2/3 Ch2 对数与指数函数（§2.5、§2.6）",未完成
2027-04-06,周二,21:00-22:15,"物理","新课 Phy Ch11 实用电路 §11.3、§11.4",未完成
2027-04-07,周三,21:00-22:15,"纯数","新课 P2/3 Ch2 对数与指数函数 §2.7、§2.8",未完成
2027-04-08,周四,21:00-22:15,"物理","章末复习 Phy Ch11 实用电路",未完成
2027-04-09,周五,21:00-22:15,"学术英语","EAP 39",未完成
2027-04-10,周六,14:00-15:00,"应用数学","新课 S1 Ch3 离散程度的度量 §3.3",未完成
2027-04-10,周六,20:00-21:00,"应用数学","章末复习 S1 Ch3 离散程度的度量",未完成
2027-04-11,周日,14:00-15:00,"复习/测试","· 回顾：P2/3 Ch2 ｜ Phy Ch11 ｜ S1 Ch3",未完成
2027-04-11,周日,20:00-21:00,"进阶数学","新课 FM Ch14 刚体平衡 §14.3、§14.4",未完成
2027-04-12,周一,21:00-22:15,"纯数","章末复习 P2/3 Ch2 对数与指数函数",未完成
2027-04-13,周二,21:00-22:15,"物理","新课 Phy Ch12 波 §12.1、§12.2",未完成
2027-04-14,周三,21:00-22:15,"纯数","新课 P2/3 Ch3 三角学 §3.1、§3.2",未完成
2027-04-15,周四,21:00-22:15,"物理","练习 Phy Ch12 波（§12.1、§12.2）",未完成
2027-04-16,周五,21:00-22:15,"学术英语","EAP 40",未完成
2027-04-17,周六,14:00-15:00,"应用数学","新课 S1 Ch4 概率 §4.1、§4.2",未完成
2027-04-17,周六,20:00-21:00,"应用数学","练习 S1 Ch4 概率（§4.1、§4.2）",未完成
2027-04-18,周日,14:00-15:00,"复习/测试","· 回顾：P2/3 Ch3 ｜ Phy Ch12 ｜ S1 Ch4",未完成
2027-04-18,周日,20:00-21:00,"进阶数学","章末复习 FM Ch14 刚体平衡",未完成
2027-04-19,周一,21:00-22:15,"纯数","练习 P2/3 Ch3 三角学（§3.1、§3.2）",未完成
2027-04-20,周二,21:00-22:15,"物理","练习 Phy Ch12 波（§12.3、§12.4）",未完成
2027-04-21,周三,21:00-22:15,"纯数","练习 P2/3 Ch3 三角学（§3.3、§3.4）",未完成
2027-04-22,周四,21:00-22:15,"物理","新课 Phy Ch12 波 §12.5、§12.6",未完成
2027-04-23,周五,21:00-22:15,"学术英语","EAP 强化 01",未完成
2027-04-24,周六,14:00-15:00,"应用数学","新课 S1 Ch4 概率 §4.3、§4.4",未完成
2027-04-24,周六,20:00-21:00,"应用数学","练习 S1 Ch4 概率（§4.3、§4.4）",未完成
2027-04-25,周日,14:00-15:00,"复习/测试","★ 期中测试：P2/3 Ch1-2｜物理 Ch1-11｜S1 Ch1-5",未完成
2027-04-25,周日,20:00-21:00,"进阶数学","新课 FM Ch15 圆周运动（进阶） §15.1、§15.2",未完成
2027-04-26,周一,21:00-22:15,"纯数","新课 P2/3 Ch3 三角学 §3.5",未完成
2027-04-27,周二,21:00-22:15,"物理","练习 Phy Ch12 波（§12.5、§12.6）",未完成
2027-04-28,周三,21:00-22:15,"纯数","章末复习 P2/3 Ch3 三角学",未完成
2027-04-29,周四,21:00-22:15,"物理","新课 Phy Ch12 波 §12.7、§12.8",未完成
2027-04-30,周五,21:00-22:15,"学术英语","EAP 强化 03",未完成
2027-05-01,周六,14:00-15:00,"应用数学","新课 S1 Ch4 概率 §4.5",未完成
2027-05-01,周六,20:00-21:00,"应用数学","章末复习 S1 Ch4 概率",未完成
2027-05-02,周日,14:00-15:00,"复习/测试","· 回顾：P2/3 Ch3 ｜ Phy Ch12 ｜ S1 Ch4",未完成
2027-05-02,周日,20:00-21:00,"进阶数学","练习 FM Ch15 圆周运动（进阶）（§15.1、§15.2）",未完成
2027-05-03,周一,14:00-15:00,"纯数","新课 P2/3 Ch4 微分 §4.1、§4.2",未完成
2027-05-03,周一,15:15-16:15,"纯数","练习 P2/3 Ch4 微分（§4.1、§4.2）",未完成
2027-05-04,周二,14:00-15:00,"物理","新课 Phy Ch12 波 §12.9、§12.10",未完成
2027-05-04,周二,15:15-16:15,"物理","章末复习 Phy Ch12 波",未完成
2027-05-05,周三,14:00-15:00,"纯数","新课 P2/3 Ch4 微分 §4.3、§4.4",未完成
2027-05-05,周三,15:15-16:15,"纯数","练习 P2/3 Ch4 微分（§4.3、§4.4）",未完成
2027-05-06,周四,21:00-22:15,"物理","新课 Phy Ch13 波的叠加 §13.1、§13.2",未完成
2027-05-07,周五,21:00-22:15,"学术英语","EAP 强化 04",未完成
2027-05-08,周六,21:00-22:15,"学术英语","EAP 强化 05",未完成
2027-05-09,周日,14:00-15:00,"复习/测试","· 回顾：P2/3 Ch4 ｜ Phy Ch13",未完成
2027-05-09,周日,20:00-21:00,"进阶数学","新课 FM Ch15 圆周运动（进阶） §15.3",未完成
2027-05-10,周一,21:00-22:15,"纯数","新课 P2/3 Ch4 微分 §4.5、§4.6",未完成
2027-05-11,周二,21:00-22:15,"物理","练习 Phy Ch13 波的叠加（§13.1、§13.2）",未完成
2027-05-12,周三,21:00-22:15,"纯数","新课 P2/3 Ch4 微分 §4.7",未完成
2027-05-13,周四,21:00-22:15,"物理","新课 Phy Ch13 波的叠加 §13.3、§13.4",未完成
2027-05-14,周五,21:00-22:15,"学术英语","EAP 强化 06",未完成
2027-05-15,周六,14:00-15:00,"应用数学","新课 S1 Ch5 排列与组合 §5.1、§5.2",未完成
2027-05-15,周六,20:00-21:00,"应用数学","练习 S1 Ch5 排列与组合（§5.1、§5.2）",未完成
2027-05-16,周日,14:00-15:00,"复习/测试","· 回顾：P2/3 Ch4 ｜ Phy Ch13 ｜ S1 Ch5",未完成
2027-05-16,周日,20:00-21:00,"进阶数学","章末复习 FM Ch15 圆周运动（进阶）",未完成
2027-05-17,周一,21:00-22:15,"纯数","章末复习 P2/3 Ch4 微分",未完成
2027-05-18,周二,21:00-22:15,"物理","练习 Phy Ch13 波的叠加（§13.3、§13.4）",未完成
2027-05-19,周三,21:00-22:15,"纯数","新课 P2/3 Ch5 积分 §5.1、§5.2",未完成
2027-05-20,周四,21:00-22:15,"物理","章末复习 Phy Ch13 波的叠加",未完成
2027-05-21,周五,21:00-22:15,"学术英语","EAP 强化 08",未完成
2027-05-22,周六,14:00-15:00,"应用数学","新课 S1 Ch5 排列与组合 §5.3、§5.4",未完成
2027-05-22,周六,20:00-21:00,"应用数学","章末复习 S1 Ch5 排列与组合",未完成
2027-05-23,周日,14:00-15:00,"复习/测试","· 回顾：P2/3 Ch5 ｜ Phy Ch13 ｜ S1 Ch5",未完成
2027-05-23,周日,20:00-21:00,"进阶数学","新课 FM Ch16 胡克定律 §16.1、§16.2",未完成
2027-05-24,周一,21:00-22:15,"纯数","练习 P2/3 Ch5 积分（§5.1、§5.2）",未完成
2027-05-25,周二,21:00-22:15,"物理","新课 Phy Ch14 驻波 §14.1、§14.2",未完成
2027-05-26,周三,21:00-22:15,"纯数","练习 P2/3 Ch5 积分（§5.3、§5.4）",未完成
2027-05-27,周四,21:00-22:15,"物理","练习 Phy Ch14 驻波（§14.1、§14.2）",未完成
2027-05-28,周五,21:00-22:15,"学术英语","EAP 强化 09",未完成
2027-05-29,周六,14:00-15:00,"应用数学","新课 S1 Ch6 概率分布 §6.1、§6.2",未完成
2027-05-29,周六,20:00-21:00,"应用数学","练习 S1 Ch6 概率分布（§6.1、§6.2）",未完成
2027-05-30,周日,14:00-15:00,"复习/测试","★ 5月测试：P2/3 Ch1-4｜物理 Ch1-12｜S1 全书",未完成
2027-05-30,周日,20:00-21:00,"进阶数学","练习 FM Ch16 胡克定律（§16.1、§16.2）",未完成
2027-05-31,周一,21:00-22:15,"纯数","新课 P2/3 Ch5 积分 §5.5",未完成
2027-06-01,周二,21:00-22:15,"物理","新课 Phy Ch14 驻波 §14.3、§14.4",未完成
2027-06-02,周三,21:00-22:15,"纯数","章末复习 P2/3 Ch5 积分",未完成
2027-06-03,周四,21:00-22:15,"物理","新课 Phy Ch15 原子结构 §15.1、§15.2",未完成
2027-06-04,周五,21:00-22:15,"学术英语","EAP 强化 10",未完成
2027-06-05,周六,14:00-15:00,"应用数学","新课 S1 Ch6 概率分布 §6.3",未完成
2027-06-05,周六,20:00-21:00,"应用数学","章末复习 S1 Ch6 概率分布",未完成
2027-06-06,周日,14:00-15:00,"复习/测试","· 回顾：P2/3 Ch5 ｜ Phy Ch15 ｜ S1 Ch6",未完成
2027-06-06,周日,20:00-21:00,"进阶数学","新课 FM Ch16 胡克定律 §16.3",未完成
2027-06-07,周一,21:00-22:15,"纯数","新课 P2/3 Ch6 方程的数值解法 §6.1、§6.2",未完成
2027-06-08,周二,21:00-22:15,"物理","练习 Phy Ch15 原子结构（§15.1、§15.2）",未完成
2027-06-09,周三,14:00-15:00,"纯数","新课 P2/3 Ch6 方程的数值解法 §6.3",未完成
2027-06-09,周三,15:15-16:15,"纯数","章末复习 P2/3 Ch6 方程的数值解法",未完成
2027-06-10,周四,21:00-22:15,"物理","新课 Phy Ch15 原子结构 §15.3、§15.4",未完成
2027-06-11,周五,21:00-22:15,"进阶数学","章末复习 FM Ch16 胡克定律",未完成
2027-06-12,周六,14:00-15:00,"应用数学","新课 S1 Ch7 二项分布与几何分布 §7.1、§7.2",未完成
2027-06-12,周六,20:00-21:00,"应用数学","章末复习 S1 Ch7 二项分布与几何分布",未完成
2027-06-13,周日,14:00-15:00,"复习/测试","· 回顾：P2/3 Ch6 ｜ Phy Ch15 ｜ S1 Ch7 ｜ FM Ch17",未完成
2027-06-13,周日,20:00-21:00,"进阶数学","章末复习 FM Ch17 变力作用下的直线运动",未完成
2027-06-14,周一,21:00-22:15,"纯数","新课 P2/3 Ch7 进阶代数 §7.1、§7.2",未完成
2027-06-15,周二,21:00-22:15,"物理","练习 Phy Ch15 原子结构（§15.3、§15.4）",未完成
2027-06-16,周三,21:00-22:15,"纯数","练习 P2/3 Ch7 进阶代数（§7.1、§7.2）",未完成
2027-06-17,周四,21:00-22:15,"物理","练习 Phy Ch15 原子结构（§15.5、§15.6）",未完成
2027-06-18,周五,21:00-22:15,"进阶数学","新课 FM Ch18 动量（进阶） §18.1、§18.2",未完成
2027-06-19,周六,14:00-15:00,"应用数学","新课 S1 Ch8 正态分布 §8.1、§8.2",未完成
2027-06-19,周六,20:00-21:00,"应用数学","练习 S1 Ch8 正态分布（§8.1、§8.2）",未完成
2027-06-20,周日,14:00-15:00,"复习/测试","· 回顾：P2/3 Ch7 ｜ Phy Ch15 ｜ S1 Ch8 ｜ FM Ch18",未完成
2027-06-20,周日,20:00-21:00,"进阶数学","章末复习 FM Ch18 动量（进阶）",未完成
2027-06-21,周一,21:00-22:15,"纯数","新课 P2/3 Ch7 进阶代数 §7.3、§7.4",未完成
2027-06-22,周二,21:00-22:15,"物理","新课 Phy Ch15 原子结构 §15.7、§15.8",未完成
2027-06-23,周三,21:00-22:15,"纯数","练习 P2/3 Ch7 进阶代数（§7.3、§7.4）",未完成
2027-06-24,周四,21:00-22:15,"物理","练习 Phy Ch15 原子结构（§15.7、§15.8）",未完成
2027-06-25,周五,21:00-22:15,"进阶数学","新课 FM Ch8 连续随机变量 §8.1、§8.2",未完成
2027-06-26,周六,14:00-15:00,"应用数学","新课 S1 Ch8 正态分布 §8.3、§8.4",未完成
2027-06-26,周六,20:00-21:00,"应用数学","章末复习 S1 Ch8 正态分布",未完成
2027-06-27,周日,14:00-15:00,"复习/测试","★ 学年末 AS 全科模拟（真题限时）",未完成
2027-06-27,周日,20:00-21:00,"进阶数学","练习 FM Ch8 连续随机变量（§8.1、§8.2）",未完成
2027-06-28,周一,14:00-15:00,"纯数","章末复习 P2/3 Ch7 进阶代数",未完成
2027-06-28,周一,15:15-16:15,"纯数","新课 P2/3 Ch8 进阶微积分 §8.1、§8.2",未完成
2027-06-29,周二,14:00-15:00,"物理","新课 Phy Ch15 原子结构 §15.9、§15.10",未完成
2027-06-29,周二,15:15-16:15,"物理","练习 Phy Ch15 原子结构（§15.9、§15.10）",未完成
2027-06-30,周三,14:00-15:00,"纯数","练习 P2/3 Ch8 进阶微积分（§8.1、§8.2）",未完成
2027-06-30,周三,15:15-16:15,"纯数","新课 P2/3 Ch8 进阶微积分 §8.3、§8.4",未完成
2027-07-01,周四,14:00-15:00,"物理","新课 Phy Ch15 原子结构 §15.11、§15.12",未完成
2027-07-01,周四,15:15-16:15,"物理","练习 Phy Ch15 原子结构（§15.11、§15.12）",未完成
2027-07-02,周五,14:00-15:00,"进阶数学","新课 FM Ch8 连续随机变量 §8.3、§8.4",未完成
2027-07-02,周五,15:15-16:15,"进阶数学","章末复习 FM Ch8 连续随机变量",未完成
2027-07-03,周六,14:00-15:00,"应用数学","真题精练 9709 M1 2019 Paper 4",未完成
2027-07-03,周六,20:00-21:00,"应用数学","真题精练 9709 S1 2019 Paper 6",未完成
2027-07-04,周日,14:00-15:00,"复习/测试","· 回顾：P2/3 Ch8 ｜ Phy Ch15 ｜ FM Ch8",未完成
2027-07-04,周日,20:00-21:00,"进阶数学","新课 FM Ch9 推断统计 §9.1、§9.2",未完成
2027-07-05,周一,14:00-15:00,"纯数","练习 P2/3 Ch8 进阶微积分（§8.3、§8.4）",未完成
2027-07-05,周一,15:15-16:15,"纯数","新课 P2/3 Ch8 进阶微积分 §8.5、§8.6",未完成
2027-07-06,周二,14:00-15:00,"物理","新课 Phy Ch15 原子结构 §15.13",未完成
2027-07-06,周二,15:15-16:15,"物理","章末复习 Phy Ch15 原子结构",未完成
2027-07-07,周三,14:00-15:00,"纯数","练习 P2/3 Ch8 进阶微积分（§8.5、§8.6）",未完成
2027-07-07,周三,15:15-16:15,"纯数","新课 P2/3 Ch8 进阶微积分 §8.7",未完成
2027-07-08,周四,14:00-15:00,"物理","新课 Phy P1 实验技能 §P1.1–P1.5、§P1.6–P1.11",未完成
2027-07-08,周四,15:15-16:15,"物理","章末复习 Phy P1 实验技能",未完成
2027-07-09,周五,14:00-15:00,"进阶数学","练习 FM Ch9 推断统计（§9.1、§9.2）",未完成
2027-07-09,周五,15:15-16:15,"进阶数学","新课 FM Ch9 推断统计 §9.3、§9.4",未完成
2027-07-10,周六,14:00-15:00,"应用数学","真题精练 9709 M1 2020 Paper 4",未完成
2027-07-10,周六,20:00-21:00,"应用数学","真题精练 9709 S1 2020 Paper 6",未完成
2027-07-11,周日,14:00-15:00,"复习/测试","· 回顾：P2/3 Ch8 ｜ Phy Ch15 ｜ FM Ch9",未完成
2027-07-11,周日,20:00-21:00,"进阶数学","练习 FM Ch9 推断统计（§9.3、§9.4）",未完成
2027-07-12,周一,14:00-15:00,"纯数","章末复习 P2/3 Ch8 进阶微积分",未完成
2027-07-12,周一,15:15-16:15,"纯数","新课 P2/3 Ch9 向量 §9.1、§9.2",未完成
2027-07-13,周二,14:00-15:00,"物理","新课 Phy Ch16 圆周运动 §16.1、§16.2",未完成
2027-07-13,周二,15:15-16:15,"物理","练习 Phy Ch16 圆周运动（§16.1、§16.2）",未完成
2027-07-14,周三,14:00-15:00,"纯数","练习 P2/3 Ch9 向量（§9.1、§9.2）",未完成
2027-07-14,周三,15:15-16:15,"纯数","新课 P2/3 Ch9 向量 §9.3、§9.4",未完成
2027-07-15,周四,14:00-15:00,"物理","新课 Phy Ch16 圆周运动 §16.3、§16.4",未完成
2027-07-15,周四,15:15-16:15,"物理","练习 Phy Ch16 圆周运动（§16.3、§16.4）",未完成
2027-07-16,周五,14:00-15:00,"进阶数学","新课 FM Ch9 推断统计 §9.5",未完成
2027-07-16,周五,15:15-16:15,"进阶数学","章末复习 FM Ch9 推断统计",未完成
2027-07-17,周六,14:00-15:00,"应用数学","真题精练 9709 M1 2021 Paper 4",未完成
2027-07-17,周六,20:00-21:00,"应用数学","真题精练 9709 S1 2021 Paper 6",未完成
2027-07-18,周日,14:00-15:00,"复习/测试","· 回顾：P2/3 Ch9 ｜ Phy Ch16 ｜ FM Ch9",未完成
2027-07-18,周日,20:00-21:00,"进阶数学","新课 FM Ch10 卡方检验 §10.1、§10.2",未完成
2027-07-19,周一,14:00-15:00,"纯数","练习 P2/3 Ch9 向量（§9.3、§9.4）",未完成
2027-07-19,周一,15:15-16:15,"纯数","新课 P2/3 Ch9 向量 §9.5",未完成
2027-07-20,周二,14:00-15:00,"物理","新课 Phy Ch16 圆周运动 §16.5、§16.6",未完成
2027-07-20,周二,15:15-16:15,"物理","练习 Phy Ch16 圆周运动（§16.5、§16.6）",未完成
2027-07-21,周三,14:00-15:00,"纯数","章末复习 P2/3 Ch9 向量",未完成
2027-07-21,周三,15:15-16:15,"纯数","新课 P2/3 Ch10 微分方程 §10.1、§10.2",未完成
2027-07-22,周四,14:00-15:00,"物理","新课 Phy Ch16 圆周运动 §16.7",未完成
2027-07-22,周四,15:15-16:15,"物理","章末复习 Phy Ch16 圆周运动",未完成
2027-07-23,周五,14:00-15:00,"进阶数学","练习 FM Ch10 卡方检验（§10.1、§10.2）",未完成
2027-07-23,周五,15:15-16:15,"进阶数学","新课 FM Ch10 卡方检验 §10.3、§10.4",未完成
2027-07-24,周六,14:00-15:00,"应用数学","真题精练 9709 M1 2022 Paper 4",未完成
2027-07-24,周六,20:00-21:00,"应用数学","真题精练 9709 S1 2022 Paper 6",未完成
2027-07-25,周日,14:00-15:00,"复习/测试","★ 暑期测试：P2/3 Ch6-8｜物理 Ch13-16",未完成
2027-07-25,周日,20:00-21:00,"进阶数学","章末复习 FM Ch10 卡方检验",未完成
2027-07-26,周一,14:00-15:00,"纯数","章末复习 P2/3 Ch10 微分方程",未完成
2027-07-26,周一,15:15-16:15,"纯数","新课 P2/3 Ch11 复数 §11.1、§11.2",未完成
2027-07-27,周二,14:00-15:00,"物理","新课 Phy Ch17 引力场 §17.1、§17.2",未完成
2027-07-27,周二,15:15-16:15,"物理","练习 Phy Ch17 引力场（§17.1、§17.2）",未完成
2027-07-28,周三,14:00-15:00,"纯数","练习 P2/3 Ch11 复数（§11.1、§11.2）",未完成
2027-07-28,周三,15:15-16:15,"纯数","新课 P2/3 Ch11 复数 §11.3、§11.4",未完成
2027-07-29,周四,14:00-15:00,"物理","新课 Phy Ch17 引力场 §17.3、§17.4",未完成
2027-07-29,周四,15:15-16:15,"物理","练习 Phy Ch17 引力场（§17.3、§17.4）",未完成
2027-07-30,周五,14:00-15:00,"进阶数学","新课 FM Ch11 非参数检验 §11.1、§11.2",未完成
2027-07-30,周五,15:15-16:15,"进阶数学","练习 FM Ch11 非参数检验（§11.1、§11.2）",未完成
2027-07-31,周六,14:00-15:00,"应用数学","真题精练 9709 M1 2023 Paper 4",未完成
2027-07-31,周六,20:00-21:00,"应用数学","真题精练 9709 S1 2023 Paper 6",未完成
2027-08-01,周日,14:00-15:00,"复习/测试","· 回顾：P2/3 Ch11 ｜ Phy Ch17 ｜ FM Ch11",未完成
2027-08-01,周日,20:00-21:00,"进阶数学","新课 FM Ch11 非参数检验 §11.3、§11.4",未完成
2027-08-02,周一,14:00-15:00,"纯数","练习 P2/3 Ch11 复数（§11.3、§11.4）",未完成
2027-08-02,周一,15:15-16:15,"纯数","新课 P2/3 Ch11 复数 §11.5",未完成
2027-08-03,周二,14:00-15:00,"物理","新课 Phy Ch17 引力场 §17.5、§17.6",未完成
2027-08-03,周二,15:15-16:15,"物理","练习 Phy Ch17 引力场（§17.5、§17.6）",未完成
2027-08-04,周三,14:00-15:00,"纯数","章末复习 P2/3 Ch11 复数",未完成
2027-08-04,周三,15:15-16:15,"纯数","真题精练 9709 P1 2019 Paper 1",未完成
2027-08-05,周四,14:00-15:00,"物理","新课 Phy Ch17 引力场 §17.7",未完成
2027-08-05,周四,15:15-16:15,"物理","章末复习 Phy Ch17 引力场",未完成
2027-08-06,周五,14:00-15:00,"进阶数学","练习 FM Ch11 非参数检验（§11.3、§11.4）",未完成
2027-08-06,周五,15:15-16:15,"进阶数学","新课 FM Ch11 非参数检验 §11.5、§11.6",未完成
2027-08-07,周六,14:00-15:00,"进阶数学","章末复习 FM Ch11 非参数检验",未完成
2027-08-07,周六,20:00-21:00,"进阶数学","新课 FM Ch12 概率母函数 §12.1、§12.2",未完成
2027-08-08,周日,14:00-15:00,"复习/测试","· 回顾：P2/3 Ch11 ｜ Phy Ch17 ｜ FM Ch12",未完成
2027-08-08,周日,20:00-21:00,"进阶数学","练习 FM Ch12 概率母函数（§12.1、§12.2）",未完成
2027-08-09,周一,14:00-15:00,"纯数","真题精练 9709 P3 2019 Paper 3",未完成
2027-08-09,周一,15:15-16:15,"纯数","真题精练 9709 P1 2020 Paper 1",未完成
2027-08-10,周二,14:00-15:00,"物理","新课 Phy Ch18 振动 §18.1、§18.2",未完成
2027-08-10,周二,15:15-16:15,"物理","练习 Phy Ch18 振动（§18.1、§18.2）",未完成
2027-08-11,周三,14:00-15:00,"纯数","真题精练 9709 P3 2020 Paper 3",未完成
2027-08-11,周三,15:15-16:15,"纯数","真题精练 9709 P1 2021 Paper 1",未完成
2027-08-12,周四,14:00-15:00,"物理","新课 Phy Ch18 振动 §18.3、§18.4",未完成
2027-08-12,周四,15:15-16:15,"物理","练习 Phy Ch18 振动（§18.3、§18.4）",未完成
2027-08-13,周五,14:00-15:00,"进阶数学","新课 FM Ch12 概率母函数 §12.3、§12.4",未完成
2027-08-13,周五,15:15-16:15,"进阶数学","章末复习 FM Ch12 概率母函数",未完成
2027-08-14,周六,14:00-15:00,"进阶数学","新课 FM Ch19 双曲函数 §19.1、§19.2",未完成
2027-08-14,周六,20:00-21:00,"进阶数学","练习 FM Ch19 双曲函数（§19.1、§19.2）",未完成
2027-08-15,周日,14:00-15:00,"复习/测试","· 回顾：Phy Ch18 ｜ FM Ch19",未完成
2027-08-15,周日,20:00-21:00,"进阶数学","新课 FM Ch19 双曲函数 §19.3、§19.4",未完成
2027-08-16,周一,14:00-15:00,"纯数","真题精练 9709 P3 2021 Paper 3",未完成
2027-08-16,周一,15:15-16:15,"纯数","真题精练 9709 P1 2022 Paper 1",未完成
2027-08-17,周二,14:00-15:00,"物理","新课 Phy Ch18 振动 §18.5、§18.6",未完成
2027-08-17,周二,15:15-16:15,"物理","练习 Phy Ch18 振动（§18.5、§18.6）",未完成
2027-08-18,周三,14:00-15:00,"纯数","真题精练 9709 P3 2022 Paper 3",未完成
2027-08-18,周三,15:15-16:15,"纯数","真题精练 9709 P1 2023 Paper 1",未完成
2027-08-19,周四,14:00-15:00,"物理","新课 Phy Ch18 振动 §18.7、§18.8",未完成
2027-08-19,周四,15:15-16:15,"物理","练习 Phy Ch18 振动（§18.7、§18.8）",未完成
2027-08-20,周五,14:00-15:00,"进阶数学","章末复习 FM Ch19 双曲函数",未完成
2027-08-20,周五,15:15-16:15,"进阶数学","新课 FM Ch20 矩阵 2 §20.1、§20.2",未完成
2027-08-21,周六,14:00-15:00,"进阶数学","练习 FM Ch20 矩阵 2（§20.1、§20.2）",未完成
2027-08-21,周六,20:00-21:00,"进阶数学","新课 FM Ch20 矩阵 2 §20.3、§20.4",未完成
2027-08-22,周日,14:00-15:00,"复习/测试","· 回顾：Phy Ch18 ｜ FM Ch20",未完成
2027-08-22,周日,20:00-21:00,"进阶数学","章末复习 FM Ch20 矩阵 2",未完成
2027-08-23,周一,14:00-15:00,"纯数","真题精练 9709 P3 2023 Paper 3",未完成
2027-08-23,周一,15:15-16:15,"纯数","真题精练 9709 P1 2024 Paper 1",未完成
2027-08-24,周二,14:00-15:00,"物理","新课 Phy Ch18 振动 §18.9、§18.10",未完成
2027-08-24,周二,15:15-16:15,"物理","章末复习 Phy Ch18 振动",未完成
2027-08-25,周三,14:00-15:00,"纯数","真题精练 9709 P3 2024 Paper 3",未完成
2027-08-25,周三,15:15-16:15,"进阶数学","新课 FM Ch21 微分（进阶） §21.1、§21.2",未完成
2027-08-26,周四,14:00-15:00,"物理","新课 Phy Ch19 热物理 §19.1、§19.2",未完成
2027-08-26,周四,15:15-16:15,"物理","练习 Phy Ch19 热物理（§19.1、§19.2）",未完成
2027-08-27,周五,14:00-15:00,"进阶数学","练习 FM Ch21 微分（进阶）（§21.1、§21.2）",未完成
2027-08-27,周五,15:15-16:15,"进阶数学","新课 FM Ch21 微分（进阶） §21.3、§21.4",未完成
2027-08-28,周六,14:00-15:00,"进阶数学","章末复习 FM Ch21 微分（进阶）",未完成
2027-08-28,周六,20:00-21:00,"进阶数学","新课 FM Ch22 积分（进阶） §22.1、§22.2",未完成
2027-08-29,周日,14:00-15:00,"复习/测试","★ 暑期总测试：三科综合卷（P2/3 + 物理 + FM，真题限时）",未完成
2027-08-29,周日,20:00-21:00,"进阶数学","练习 FM Ch22 积分（进阶）（§22.1、§22.2）",未完成
2027-08-30,周一,14:00-15:00,"进阶数学","新课 FM Ch22 积分（进阶） §22.3、§22.4",未完成
2027-08-30,周一,15:15-16:15,"进阶数学","章末复习 FM Ch22 积分（进阶）",未完成
2027-08-31,周二,14:00-15:00,"物理","新课 Phy Ch19 热物理 §19.3、§19.4",未完成
2027-08-31,周二,15:15-16:15,"物理","练习 Phy Ch19 热物理（§19.3、§19.4）",未完成
