# BOOK	section	ex	q	page	minutes
FM	1.1	Ex 1A	全部	4	25
FM	1.2	Ex 1B	全部	7	25
FM	1.3	Ex 1C	全部	9	25
FM	1.4	Ex 1D	全部	12	25
FM	10.1	Ex 10A	全部	223	25
FM	10.2	Ex 10B	全部	229	25
FM	10.3	Ex 10C	全部	233	25
FM	10.4	Ex 10D	全部	239	25
FM	11.1	Ex 11A	全部	250	25
FM	11.2	Ex 11B	全部	253	25
FM	11.3	Ex 11C	全部	256	25
FM	11.4	Ex 11D	全部	262	25
FM	11.5	Ex 11E	全部	265	25
FM	11.6	Ex 11F	全部	268	25
FM	12.1	Ex 12A	全部	282	25
FM	12.2	Ex 12B	全部	289	25
FM	12.3	Ex 12C	全部	294	25
FM	12.4	Ex 12D	全部	300	25
FM	13.1	Ex 13A	全部	311	25
FM	13.2	Ex 13B	全部	316	25
FM	14.1	Ex 14A	全部	324	25
FM	14.2	Ex 14B	全部	328	25
FM	14.3	Ex 14C	全部	338	25
FM	14.4	Ex 14D	全部	343	25
FM	15.1	Ex 15A	全部	357	25
FM	15.2	Ex 15B	全部	362	25
FM	15.3	Ex 15C	全部	367	25
FM	16.1	Ex 16A	全部	382	25
FM	16.2	Ex 16B	全部	387	25
FM	16.3	Ex 16C	全部	391	25
FM	17.1	Ex 17A	全部	400	25
FM	17.2	Ex 17B	全部	405	25
FM	18.1	Ex 18A	全部	413	25
FM	18.2	Ex 18B	全部	419	25
FM	19.1	Ex 19A	全部	434	25
FM	19.2	Ex 19B	全部	439	25
FM	19.3	Ex 19C	全部	441	25
FM	19.4	Ex 19D	全部	444	25
FM	2.1	Ex 2A	全部	19	25
FM	2.2	Ex 2B	全部	26	25
FM	2.3	Ex 2C	全部	31	25
FM	2.4	Ex 2D	全部	36	25
FM	20.1	Ex 20A	全部	450	25
FM	20.2	Ex 20B	全部	453	25
FM	20.3	Ex 20C	全部	463	25
FM	20.4	Ex 20D	全部	467	25
FM	21.1	Ex 21A	全部	475	25
FM	21.2	Ex 21B	全部	480	25
FM	21.3	Ex 21C	全部	483	25
FM	21.4	Ex 21D	全部	490	25
FM	22.1	Ex 22A	全部	500	25
FM	22.2	Ex 22B	全部	505	25
FM	22.3	Ex 22C	全部	511	25
FM	22.4	Ex 22D	全部	517	25
FM	23.1	Ex 23A	全部	527	25
FM	23.2	Ex 23B	全部	531	25
FM	23.3	Ex 23C	全部	534	25
FM	23.4	Ex 23D	全部	539	25
FM	24.1	Ex 24A	全部	547	25
FM	24.2	Ex 24B	全部	552	25
FM	24.3	Ex 24C	全部	559	25
FM	24.4	Ex 24D	全部	567	25
FM	3.1	Ex 3A	全部	48	25
FM	3.2	Ex 3B	全部	53	25
FM	4.1	Ex 4A	全部	61	25
FM	4.2	Ex 4B	全部	67	25
FM	4.3	Ex 4C	全部	74	25
FM	4.4	Ex 4D	全部	78	25
FM	5.1	Ex 5A	全部	96	25
FM	5.2	Ex 5B	全部	105	25
FM	6.1	Ex 6A	全部	121	25
FM	6.2	Ex 6B	全部	125	25
FM	6.3	Ex 6C	全部	130	25
FM	7.1	Ex 7A	全部	142	25
FM	7.2	Ex 7B	全部	148	25
FM	8.1	Ex 8A	全部	157	25
FM	8.2	Ex 8B	全部	163	25
FM	8.3	Ex 8C	全部	176	25
FM	8.4	Ex 8D	全部	180	25
FM	9.1	Ex 9A	全部	192	25
FM	9.2	Ex 9B	全部	199	25
FM	9.3	Ex 9C	全部	205	25
FM	9.4	Ex 9D	全部	209	25
FM	9.5	Ex 9E	全部	212	25
M1	1.1	Ex 1A	全部	4	25
M1	1.2	Ex 1B	全部	10	25
M1	1.3	Ex 1C	全部	13	25
M1	1.4	Ex 1D	全部	17	25
M1	1.5	Ex 1E	全部	24	25
M1	1.6	Ex 1F	全部	29	25
M1	2.1	Ex 2A	全部	38	25
M1	2.2	Ex 2B	全部	41	25
M1	2.3	Ex 2C	全部	44	25
M1	2.4	Ex 2D	全部	49	25
M1	3.1	Ex 3A	全部	56	25
M1	3.2	Ex 3B	全部	61	25
M1	3.3	Ex 3C	全部	64	25
M1	3.4	Ex 3D	全部	68	25
M1	3.5	Ex 3E	全部	73	25
M1	4.1	Ex 4A	全部	85	25
M1	4.2	Ex 4B	全部	92	25
M1	4.3	Ex 4C	全部	97	25
M1	4.4	Ex 4D	全部	102	25
M1	5.1	Ex 5A	全部	109	25
M1	5.2	Ex 5B	全部	112	25
M1	5.3	Ex 5C	全部	116	25
M1	5.4	Ex 5D	全部	123	25
M1	6.1	Ex 6A	全部	132	25
M1	6.2	Ex 6B	全部	136	25
M1	6.3	Ex 6C	全部	141	25
M1	6.4	Ex 6D	全部	150	25
M1	7.1	Ex 7A	全部	160	25
M1	7.2	Ex 7B	全部	163	25
M1	8.1	Ex 8A	全部	173	25
M1	8.2	Ex 8B	全部	178	25
M1	8.3	Ex 8C	全部	181	25
M1	9.1	Ex 9A	全部	188	25
M1	9.2	Ex 9B	全部	195	25
M1	9.3	Ex 9C	全部	198	25
M1	9.4	Ex 9D	全部	203	25
P1	1.1	Ex 1A	1–7	6	20
P1	1.2	Ex 1B	1–12	9	28
P1	1.3	Ex 1C	1–5	11	18
P1	1.4	Ex 1D	1–14	13	31
P1	1.5	Ex 1E	1–5	16	18
P1	1.6	Ex 1F	1–12	20	28
P1	1.7	Ex 1G	1–7	23	20
P1	1.8	Ex 1H	1–12	26	28
P1	1.9	Ex 1I	1–13	29	30
P1	2.1	Ex 2A	1–16	37	34
P1	2.2	Ex 2B	1–19	41	35
P1	2.3	Ex 2C	1–16	46	34
P1	2.4	Ex 2D	1–6	50	19
P1	2.5	Ex 2E	1–7	54	20
P1	2.6	Ex 2F	1–4	56	16
P1	2.7	Ex 2G	1–6	59	19
P1	2.8	Ex 2H	1–13	63	30
P1	3.1	Ex 3A	1–12	74	28
P1	3.2	Ex 3B	1–11	77	26
P1	3.3	Ex 3C	1–16	80	34
P1	3.4	Ex 3D	1–17	87	35
P1	3.5	Ex 3E	1–24	90	35
P1	4.1	Ex 4A	1–9	102	24
P1	4.2	Ex 4B	1–10	105	25
P1	4.3	Ex 4C	1–14	109	31
P1	5.1	Ex 5A	1–6	120	19
P1	5.2	Ex 5B	1–9	122	24
P1	5.3	Ex 5C	1–13	126	30
P1	5.4	Ex 5D	1–17	134	35
P1	5.5	Ex 5E	1–9	139	24
P1	5.6	Ex 5F	1–11	144	26
P1	5.7	Ex 5G	1–10	147	25
P1	5.8	Ex 5H	1–17	150	35
P1	6.1	Ex 6A	1–16	158	34
P1	6.2	Ex 6B	1–15	165	32
P1	6.3	Ex 6C	1–20	170	35
P1	6.4	Ex 6D	1–16	174	34
P1	6.5	Ex 6E	1–17	178	35
P1	6.6	Ex 6F	1–22	181	35
P1	7.1	Ex 7A	1–19	197	35
P1	7.2	Ex 7B	1–8	201	22
P1	7.3	Ex 7C	1–16	203	34
P1	7.4	Ex 7D	1–15	206	32
P1	8.1	Ex 8A	1–9	215	24
P1	8.2	Ex 8B	1–13	220	30
P1	8.3	Ex 8C	1–15	224	32
P1	8.4	Ex 8D	1–9	229	24
P1	8.5	Ex 8E	1–13	232	30
P1	9.1	Ex 9A	1–7	243	20
P1	9.2	Ex 9B	1–18	245	35
P1	9.3	Ex 9C	1–8	248	22
P1	9.4	Ex 9D	1–8	249	22
P1	9.5	Ex 9E	1–9	252	24
P1	9.6	Ex 9F	1–14	256	31
P1	9.7	Ex 9G	1–10	262	25
P1	9.8	Ex 9H	1–4	267	16
P1	9.9	Ex 9I	1–16	271	34
P2/3	1.1	Ex 1A	1–9	6	24
P2/3	1.2	Ex 1B	1–8	8	22
P2/3	1.3	Ex 1C	1–6	10	19
P2/3	1.4	Ex 1D	1–7	13	20
P2/3	1.5	Ex 1E	1–12	17	28
P2/3	1.6	Ex 1F	1–27	20	35
P2/3	11.1	Ex 11A	1–6	269	19
P2/3	11.2	Ex 11B	1–10	272	25
P2/3	11.3	Ex 11C	1–12	282	28
P2/3	11.4	Ex 11D	1–10	288	25
P2/3	11.5	Ex 11E	1–33	295	35
P2/3	2.1	Ex 2A	1–7	29	20
P2/3	2.2	Ex 2B	1–9	32	24
P2/3	2.3	Ex 2C	1–13	34	30
P2/3	2.4	Ex 2D	1–10	37	25
P2/3	2.5	Ex 2E	1–13	39	30
P2/3	2.6	Ex 2F	1–7	41	20
P2/3	2.7	Ex 2G	1–15	43	32
P2/3	2.8	Ex 2H	1–15	47	32
P2/3	3.1	Ex 3A	1–14	56	31
P2/3	3.2	Ex 3B	1–17	60	35
P2/3	3.3	Ex 3C	1–19	64	35
P2/3	3.4	Ex 3D	1–6	67	19
P2/3	3.5	Ex 3E	1–22	71	35
P2/3	4.1	Ex 4A	1–8	83	22
P2/3	4.2	Ex 4B	1–13	87	30
P2/3	4.3	Ex 4C	1–14	90	31
P2/3	4.4	Ex 4D	1–12	94	28
P2/3	4.5	Ex 4E	1–17	98	35
P2/3	4.6	Ex 4F	1–14	101	31
P2/3	4.7	Ex 4G	1–13	105	30
P2/3	5.1	Ex 5A	1–12	113	28
P2/3	5.2	Ex 5B	1–10	117	25
P2/3	5.3	Ex 5C	1–10	120	25
P2/3	5.4	Ex 5D	1–12	125	28
P2/3	5.5	Ex 5E	1–15	128	32
P2/3	6.1	Ex 6A	1–15	137	32
P2/3	6.2	Ex 6B	1–14	146	31
P2/3	6.3	Ex 6C	1–29	152	35
P2/3	7.1	Ex 7A	1–4	167	16
P2/3	7.2	Ex 7B	1–10	173	25
P2/3	7.3	Ex 7C	1–11	176	26
P2/3	7.4	Ex 7D	1–8	178	22
P2/3	7.5	Ex 7E	1–17	180	35
P2/3	8.1	Ex 8A	1–5	187	18
P2/3	8.2	Ex 8B	1–6	188	19
P2/3	8.3	Ex 8C	1–5	190	18
P2/3	8.4	Ex 8D	1–9	193	24
P2/3	8.5	Ex 8E	1–6	196	19
P2/3	8.6	Ex 8F	1–27	200	35
P2/3	9.1	Ex 9A	1–7	218	20
P2/3	9.2	Ex 9B	1–13	223	30
P2/3	9.3	Ex 9C	1–10	230	25
P2/3	9.4	Ex 9D	1–13	235	30
P2/3	9.5	Ex 9E	1–17	238	35
Phy	1.1	节末 Questions	全部	17	25
Phy	1.2	节末 Questions	全部	20	25
Phy	1.3	节末 Questions	全部	23	25
Phy	1.4	节末 Questions	全部	25	25
Phy	1.5	节末 Questions	全部	28	25
Phy	1.6	节末 Questions	全部	30	25
Phy	1.7	节末 Questions	全部	32	25
Phy	1.8	节末 Questions	全部	33	25
Phy	10.1	节末 Questions	全部	271	25
Phy	10.2	节末 Questions	全部	273	25
Phy	10.3	节末 Questions	全部	275	25
Phy	10.4	节末 Questions	全部	282	25
Phy	11.1	节末 Questions	全部	292	25
Phy	11.2	节末 Questions	全部	295	25
Phy	11.3	节末 Questions	全部	298	25
Phy	11.4	节末 Questions	全部	299	25
Phy	12.1	节末 Questions	全部	313	25
Phy	12.10	节末 Questions	全部	332	25
Phy	12.2	节末 Questions	全部	314	25
Phy	12.3	节末 Questions	全部	316	25
Phy	12.4	节末 Questions	全部	319	25
Phy	12.5	节末 Questions	全部	320	25
Phy	12.6	节末 Questions	全部	323	25
Phy	12.7	节末 Questions	全部	325	25
Phy	12.8	节末 Questions	全部	326	25
Phy	12.9	节末 Questions	全部	328	25
Phy	13.1	节末 Questions	全部	341	25
Phy	13.2	节末 Questions	全部	343	25
Phy	13.3	节末 Questions	全部	347	25
Phy	13.4	节末 Questions	全部	356	25
Phy	13.5	节末 Questions	全部	360	25
Phy	14.1	节末 Questions	全部	369	25
Phy	14.2	节末 Questions	全部	370	25
Phy	14.3	节末 Questions	全部	376	25
Phy	14.4	节末 Questions	全部	380	25
Phy	15.1	节末 Questions	全部	389	25
Phy	15.10	节末 Questions	全部	407	25
Phy	15.11	节末 Questions	全部	409	25
Phy	15.12	节末 Questions	全部	410	25
Phy	15.13	节末 Questions	全部	411	25
Phy	15.2	节末 Questions	全部	392	25
Phy	15.3	节末 Questions	全部	393	25
Phy	15.4	节末 Questions	全部	397	25
Phy	15.5	节末 Questions	全部	400	25
Phy	15.6	节末 Questions	全部	401	25
Phy	15.7	节末 Questions	全部	402	25
Phy	15.8	节末 Questions	全部	405	25
Phy	15.9	节末 Questions	全部	406	25
Phy	16.1	节末 Questions	全部	454	25
Phy	16.2	节末 Questions	全部	455	25
Phy	16.3	节末 Questions	全部	457	25
Phy	16.4	节末 Questions	全部	458	25
Phy	16.5	节末 Questions	全部	461	25
Phy	16.6	节末 Questions	全部	464	25
Phy	16.7	节末 Questions	全部	466	25
Phy	17.1	节末 Questions	全部	480	25
Phy	17.2	节末 Questions	全部	482	25
Phy	17.3	节末 Questions	全部	484	25
Phy	17.4	节末 Questions	全部	486	25
Phy	17.5	节末 Questions	全部	488	25
Phy	17.6	节末 Questions	全部	490	25
Phy	17.7	节末 Questions	全部	491	25
Phy	18.1	节末 Questions	全部	502	25
Phy	18.10	节末 Questions	全部	527	25
Phy	18.2	节末 Questions	全部	504	25
Phy	18.3	节末 Questions	全部	506	25
Phy	18.4	节末 Questions	全部	510	25
Phy	18.5	节末 Questions	全部	511	25
Phy	18.6	节末 Questions	全部	514	25
Phy	18.7	节末 Questions	全部	516	25
Phy	18.8	节末 Questions	全部	522	25
Phy	18.9	节末 Questions	全部	524	25
Phy	19.1	节末 Questions	全部	543	25
Phy	19.2	节末 Questions	全部	544	25
Phy	19.3	节末 Questions	全部	551	25
Phy	19.4	节末 Questions	全部	552	25
Phy	19.5	节末 Questions	全部	555	25
Phy	19.6	节末 Questions	全部	557	25
Phy	2.1	节末 Questions	全部	41	25
Phy	2.10	节末 Questions	全部	60	25
Phy	2.11	节末 Questions	全部	62	25
Phy	2.12	节末 Questions	全部	67	25
Phy	2.13	节末 Questions	全部	69	25
Phy	2.14	节末 Questions	全部	72	25
Phy	2.2	节末 Questions	全部	42	25
Phy	2.3	节末 Questions	全部	43	25
Phy	2.4	节末 Questions	全部	45	25
Phy	2.5	节末 Questions	全部	47	25
Phy	2.6	节末 Questions	全部	49	25
Phy	2.7	节末 Questions	全部	51	25
Phy	2.8	节末 Questions	全部	56	25
Phy	2.9	节末 Questions	全部	59	25
Phy	20.1	节末 Questions	全部	571	25
Phy	20.2	节末 Questions	全部	572	25
Phy	20.3	节末 Questions	全部	574	25
Phy	20.4	节末 Questions	全部	575	25
Phy	20.5	节末 Questions	全部	577	25
Phy	20.6	节末 Questions	全部	580	25
Phy	20.7	节末 Questions	全部	584	25
Phy	20.8	节末 Questions	全部	585	25
Phy	21.1	节末 Questions	全部	595	25
Phy	21.2	节末 Questions	全部	597	25
Phy	21.3	节末 Questions	全部	602	25
Phy	21.4	节末 Questions	全部	604	25
Phy	3.1	节末 Questions	全部	87	25
Phy	3.2	节末 Questions	全部	88	25
Phy	3.3	节末 Questions	全部	89	25
Phy	3.4	节末 Questions	全部	94	25
Phy	3.5	节末 Questions	全部	98	25
Phy	3.6	节末 Questions	全部	101	25
Phy	3.7	节末 Questions	全部	104	25
Phy	4.1	节末 Questions	全部	116	25
Phy	4.2	节末 Questions	全部	120	25
Phy	4.3	节末 Questions	全部	122	25
Phy	4.4	节末 Questions	全部	127	25
Phy	4.5	节末 Questions	全部	129	25
Phy	5.1	节末 Questions	全部	142	25
Phy	5.2	节末 Questions	全部	146	25
Phy	5.3	节末 Questions	全部	148	25
Phy	5.4	节末 Questions	全部	149	25
Phy	5.5	节末 Questions	全部	152	25
Phy	5.6	节末 Questions	全部	153	25
Phy	5.7	节末 Questions	全部	157	25
Phy	6.1	节末 Questions	全部	167	25
Phy	6.2	节末 Questions	全部	170	25
Phy	6.3	节末 Questions	全部	175	25
Phy	6.4	节末 Questions	全部	178	25
Phy	6.5	节末 Questions	全部	181	25
Phy	6.6	节末 Questions	全部	183	25
Phy	6.7	节末 Questions	全部	185	25
Phy	7.1	节末 Questions	全部	195	25
Phy	7.2	节末 Questions	全部	196	25
Phy	7.3	节末 Questions	全部	200	25
Phy	7.4	节末 Questions	全部	201	25
Phy	7.5	节末 Questions	全部	207	25
Phy	7.6	节末 Questions	全部	210	25
Phy	8.1	节末 Questions	全部	223	25
Phy	8.2	节末 Questions	全部	226	25
Phy	8.3	节末 Questions	全部	228	25
Phy	8.4	节末 Questions	全部	233	25
Phy	8.5	节末 Questions	全部	235	25
Phy	8.6	节末 Questions	全部	239	25
Phy	9.1	节末 Questions	全部	249	25
Phy	9.2	节末 Questions	全部	251	25
Phy	9.3	节末 Questions	全部	254	25
Phy	9.4	节末 Questions	全部	256	25
Phy	P1.1–P1.5	Practical skills at AS Level（coursebook p419–446）	全部	425	25
Phy	P1.6–P1.11	Practical skills at AS Level（coursebook p419–446）	全部	430	25
S1	1.1	Ex 1A	1–9	4	24
S1	1.2	Ex 1B	1–13	10	30
S1	1.3	Ex 1C	1–11	16	26
S1	1.4	Ex 1D	1–9	21	24
S1	2.1	Ex 2A	1–6	29	19
S1	2.2	Ex 2B	1–17	34	35
S1	2.3	Ex 2D	1–10	41	25
S1	3.1	Ex 3A	1–13	61	30
S1	3.2	Ex 3B	1–12	69	28
S1	3.3	Ex 3C	1–10	73	25
S1	4.1	Ex 4A	1–8	93	22
S1	4.2	Ex 4B	1–15	98	32
S1	4.3	Ex 4C	1–16	102	34
S1	4.4	Ex 4E	1–10	110	25
S1	4.5	Ex 4F	1–30	115	35
S1	5.1	Ex 5A	1–9	124	24
S1	5.2	Ex 5B	1–7	127	20
S1	5.3	Ex 5F	1–16	136	34
S1	5.4	Ex 5G	1–20	141	35
S1	6.1	Ex 6A	1–20	153	35
S1	6.2	Ex 6B	1–15	158	32
S1	7.1	Ex 7A	1–22	170	35
S1	7.2	Ex 7B	1–12	174	28
S1	8.1	Ex 8A	1–6	191	19
S1	8.2	Ex 8B	1–4	199	16
S1	8.3	Ex 8D	1–17	206	35
S1	8.4	Ex 8E	1–17	212	35
